Date,RV_Parkinson,RV_GarmanKlass,RV_RogersSatchell,RV_CloseToClose,average
2022-05-31,0.1876664388888824,0.18036637087092605,0.18036637087092605,0.1992631508695355,0.1870752195388173
2022-06-01,0.18889425125350254,0.19121640522603686,0.19121640522603686,0.18541796896474622,0.18920114205969318
2022-06-02,0.17203792661584047,0.1686727253568,0.1686727253568,0.1787728726725466,0.17208846907655728
2022-06-03,0.1739208938611298,0.16945016204925722,0.16945016204925722,0.18242877354354037,0.1738932499948559
2022-06-06,0.15631207943067135,0.15593657203988828,0.15593657203988828,0.15979337396680748,0.15700303941225074
2022-06-07,0.13631821417858495,0.13782520489701483,0.13782520489701483,0.13568562606206666,0.13691678024123063
2022-06-08,0.1421878265634385,0.14529254621663756,0.14529254621663756,0.13979180228394947,0.14315985294493078
2022-06-09,0.16708369440973977,0.1619483707936447,0.1619483707936447,0.17707168411777854,0.1671271161865612
2022-06-10,0.2014093579942346,0.1976605848158698,0.1976605848158698,0.21392224806078153,0.2027731930523187
2022-06-13,0.2448814165725964,0.2392487640567373,0.2392487640567373,0.25844673747364677,0.24558174122821422
2022-06-14,0.2243141391120251,0.2155205944776143,0.2155205944776143,0.24037805602164702,0.22416327537661224
2022-06-15,0.34504809438087897,0.35225074171398635,0.35225074171398635,0.3364183506367197,0.34655326580379886
2022-06-16,0.2327623047198985,0.22697708106031828,0.22697708106031828,0.24804545486583887,0.2338493258657401
2022-06-17,0.24140133557666352,0.22881502589755784,0.22881502589755784,0.2630243022865988,0.2409196030652908
2022-06-21,0.12927863209330023,0.13161012601806063,0.13161012601806063,0.1295341772598825,0.13051294795468488
2022-06-22,0.18491236278251397,0.17979740415956288,0.17979740415956288,0.1972743031832963,0.18558282900857337
2022-06-23,0.197959483428537,0.19996948468495737,0.19996948468495737,0.19660268151004026,0.1986304112331281
2022-06-24,0.12497506471378235,0.11651385198337724,0.11651385198337724,0.14220185428174445,0.1254901286649564
2022-06-27,0.16061109962946826,0.1590724485487745,0.1590724485487745,0.1657702136118318,0.16115503158426697
2022-06-28,0.1708702754196622,0.16845833055419798,0.16845833055419798,0.17591565588961172,0.1709527619514221
2022-06-29,0.1937221954242531,0.18783652197031225,0.18783652197031225,0.20748874417979796,0.19438684750588794
2022-06-30,0.21594212232290122,0.20814412956364722,0.20814412956364722,0.22944308627223697,0.2155939976988371
2022-07-01,0.20983838613046177,0.2093606911999334,0.2093606911999334,0.21368153892752076,0.21056812817452816
2022-07-05,0.19724118168087526,0.19889979415903222,0.19889979415903222,0.19663719282311695,0.19792203363018637
2022-07-06,0.21112727114141291,0.21421559529134732,0.21421559529134732,0.20869056799337934,0.21207493977428804
2022-07-07,0.10656562809451216,0.1072544091654687,0.1072544091654687,0.10575434193390883,0.10670898568058777
2022-07-08,0.139776677767026,0.13913087554563203,0.13913087554563203,0.14354003471919208,0.14040660799528112
2022-07-11,0.13467696902534423,0.13764532288451176,0.13764532288451176,0.12939676663276942,0.13488317076717904
2022-07-12,0.14554320030641452,0.1466247306756949,0.1466247306756949,0.1464023050127201,0.1462994201628212
2022-07-13,0.21897100623092533,0.20694440813263118,0.20694440813263118,0.23778955316512748,0.21802760678351318
2022-07-14,0.1773675677101134,0.16995322049033856,0.16995322049033856,0.18698313308407652,0.17620310755163654
2022-07-15,0.14554025648004398,0.13769086879216955,0.13769086879216955,0.15294120222160587,0.14360582186209586
2022-07-18,0.12350690281474085,0.12182414045426963,0.12182414045426963,0.12655300246768184,0.12344215231366285
2022-07-19,0.1043016999574064,0.10480948606372675,0.10480948606372675,0.10480453488413131,0.10468153118407396
2022-07-20,0.13692343842448107,0.13468150142666013,0.13468150142666013,0.1416479447760684,0.13701312154529732
2022-07-21,0.16035614997864678,0.15405954517313844,0.15405954517313844,0.17136401078566302,0.1601159001679968
2022-07-22,0.15282803406002152,0.14978177016903682,0.14978177016903682,0.15923371481933404,0.1529550107709424
2022-07-25,0.13210436406608336,0.1309888069891605,0.1309888069891605,0.13505449285550458,0.13229457108915024
2022-07-26,0.11664257562091054,0.11503229491573701,0.11503229491573701,0.12296383809177662,0.11746324283887989
2022-07-27,0.15727087832530734,0.14868815663845647,0.14868815663845647,0.17251068148259288,0.15709105659130196
2022-07-28,0.1326617144807248,0.1301546746404826,0.1301546746404826,0.13905712853315505,0.1330568432535429
2022-07-29,0.11261473136390683,0.11589981339759226,0.11589981339759226,0.11215917974256243,0.11415701118621968
2022-08-01,0.14301892999285173,0.1373004584099704,0.1373004584099704,0.15171302225687244,0.14245533266412888
2022-08-02,0.15234928302581113,0.15398067355605968,0.15398067355605968,0.15184609612143674,0.1530421809529606
2022-08-03,0.11560607704715951,0.1124527949543636,0.1124527949543636,0.1219999938349213,0.1156935885562062
2022-08-04,0.11836581179814959,0.11634044549293036,0.11634044549293036,0.12233342557029947,0.11837032031867825
2022-08-05,0.12094420211116423,0.11755065462406258,0.11755065462406258,0.12803418939109884,0.12109558877435751
2022-08-08,0.12440637772354707,0.1253780258074459,0.1253780258074459,0.12534730787873072,0.1251281274549055
2022-08-09,0.10870150040513482,0.11055062609496435,0.11055062609496435,0.10754541778400635,0.10934454140084134
2022-08-10,0.09849010397436053,0.09803478547390163,0.09803478547390163,0.10198555724094549,0.09915012959201609
2022-08-11,0.10812821919593445,0.10525208591318216,0.10525208591318216,0.11510364719072624,0.10850871458233549
2022-08-12,0.09614556028832098,0.0928107850031289,0.0928107850031289,0.10501857277447231,0.09682529759383178
2022-08-15,0.08198724579190866,0.08126496353452797,0.08126496353452797,0.08420933742864743,0.08219049455267162
2022-08-16,0.09311228882849905,0.09147095330460443,0.09147095330460443,0.09569070076662521,0.09295224464879248
2022-08-17,0.13115507543163768,0.12784300964373374,0.12784300964373374,0.1399484475385171,0.13179045110463736
2022-08-18,0.09536859044038934,0.09487224344013215,0.09487224344013215,0.09966729800230119,0.0962161933933078
2022-08-19,0.0956641794451769,0.094477589055036,0.094477589055036,0.10061152486914283,0.09634098794479647
2022-08-22,0.09537532039324634,0.09653632725119839,0.09653632725119839,0.09552986956625246,0.09599600600775082
2022-08-23,0.12097140911475707,0.11965678557734154,0.11965678557734154,0.12475468999987595,0.12127789078143927
2022-08-24,0.09358658156601767,0.09287371069359775,0.09287371069359775,0.09707419574996322,0.09411814384818588
2022-08-25,0.09520855772277727,0.09157629099177218,0.09157629099177218,0.1017782718471751,0.095126127099063
2022-08-26,0.1891445974891741,0.1717384078026118,0.1717384078026118,0.219998224564915,0.1891844728038012
2022-08-29,0.15536540446140953,0.14692935503196378,0.14692935503196378,0.17052929242056572,0.15523781692707314
2022-08-30,0.17310838151434682,0.16952242931124994,0.16952242931124994,0.18284066287420095,0.1738339206181933
2022-08-31,0.173956514577449,0.16870435304624534,0.16870435304624534,0.17979432018221028,0.1728505018847369
2022-09-01,0.1704624167668237,0.16406233871425477,0.16406233871425477,0.17955879536509153,0.1696553112134504
2022-09-02,0.18885380615334477,0.18241526406129782,0.18241526406129782,0.20177879427194997,0.18903114759316325
2022-09-06,0.19937290071600364,0.1898419938161131,0.1898419938161131,0.21460601833782456,0.19867389227002274
2022-09-07,0.14299468948673352,0.14837004122162645,0.14837004122162645,0.1361775382909689,0.14406521216155022
2022-09-08,0.18586317228012744,0.17912796085249377,0.17912796085249377,0.19601777886995508,0.18516326657944876
2022-09-09,0.1164104944360004,0.12241795619265015,0.12241795619265015,0.10999831629314462,0.1179230096280323
2022-09-12,0.1150954549900817,0.1147301498999027,0.1147301498999027,0.11611448863247566,0.11516895504199855
2022-09-13,0.16253785282743669,0.16229991205752126,0.16229991205752126,0.16562393821967233,0.16319648082978502
2022-09-14,0.17186245610901466,0.16686404853068437,0.16686404853068437,0.18308117388337414,0.17229527085387344
2022-09-15,0.15195837634564646,0.14828144619158162,0.14828144619158162,0.18975543845511483,0.16052511418328896
2022-09-16,0.18381549271286002,0.1847941180797971,0.1847941180797971,0.18423944802864528,0.1844112535374071
2022-09-19,0.15504549061071796,0.15481829765579494,0.15481829765579494,0.15471223466393852,0.15484862793346318
2022-09-20,0.14257729331488322,0.1387034556412655,0.1387034556412655,0.15060631490377155,0.14273037857403487
2022-09-21,0.30290580385586874,0.2841735039708756,0.2841735039708756,0.33349764061153814,0.30186162517832704
2022-09-22,0.1913795277122214,0.188682205500272,0.188682205500272,0.19460702757447443,0.1908533259820345
2022-09-23,0.1887616534182534,0.1908314140300213,0.1908314140300213,0.18605903688829978,0.18913102876735308
2022-09-26,0.21833732446518905,0.2101731121071702,0.2101731121071702,0.23297423240750734,0.21811330445786128
2022-09-27,0.2178802926777597,0.21371146437803865,0.21371146437803865,0.22491384554169352,0.21760241259399582
2022-09-28,0.19629386036505428,0.19319236594150624,0.19319236594150624,0.20360326504064044,0.19661647290370818
2022-09-29,0.19828560666747255,0.19628276659682217,0.19628276659682217,0.20186811195581597,0.19819293968371995
2022-09-30,0.21833994652099425,0.20667703675083268,0.20667703675083268,0.23623211775862116,0.21731816580058588
2022-10-03,0.15642679146200958,0.15186939219751958,0.15186939219751958,0.16613142084490415,0.15668249316047864
2022-10-04,0.14900515993204866,0.15191003642950426,0.15191003642950426,0.15009551312793626,0.15073529703054
2022-10-05,0.16733273757430678,0.1661575177692725,0.1661575177692725,0.17236822848474462,0.1680235792065902
2022-10-06,0.1904950720048981,0.18722152049959134,0.18722152049959134,0.19908225520072706,0.19106668487096104
2022-10-07,0.16616384774699844,0.16764106813528984,0.16764106813528984,0.16747532058274087,0.1672314733785639
2022-10-10,0.18743516590885392,0.18928915236662028,0.18928915236662028,0.18754092958876167,0.18839075620743953
2022-10-11,0.20793874558943953,0.2055405759498715,0.2055405759498715,0.21413082896335134,0.20831730038180427
2022-10-12,0.20141519735762622,0.20702490141744612,0.20702490141744612,0.19179036789870332,0.20190978589405845
2022-10-13,0.312924679397039,0.28548099585974485,0.28548099585974485,0.3580224787343045,0.31188970336039407
2022-10-14,0.2786377908134672,0.2701212243004586,0.2701212243004586,0.2946309865772385,0.27855761897498144
2022-10-17,0.16220940629693914,0.16154593576473963,0.16154593576473963,0.16283009712522045,0.16203372391667803
2022-10-18,0.16514739521504795,0.16118609600705058,0.16118609600705058,0.17285647243696586,0.16516275102278286
2022-10-19,0.18538297644878374,0.18789083662133096,0.18789083662133096,0.18255356770320338,0.1859425892652795
2022-10-20,0.18369303923670688,0.18274752236464586,0.18274752236464586,0.1847838277157943,0.18349489741553587
2022-10-21,0.23221760482952625,0.22941320728917566,0.22941320728917566,0.23514062920676032,0.23155829225808655
2022-10-24,0.21303948029143385,0.19661857398455274,0.19661857398455274,0.24229389254040332,0.21296119235477085
2022-10-25,0.126584374533063,0.12651789532891142,0.12651789532891142,0.12771868849626009,0.12683574313264998
2022-10-26,0.17027166350279535,0.1637660331148477,0.1637660331148477,0.18324736775238637,0.1704484264994358
2022-10-27,0.18061891949534006,0.17908359842923566,0.17908359842923566,0.18179868295479734,0.18014981658087423
2022-10-28,0.14865614802106683,0.1430517946365645,0.1430517946365645,0.15771671707558926,0.14824038340398887
2022-10-31,0.14384013093995202,0.1423214481982923,0.1423214481982923,0.1502446388191932,0.1447188861182696
2022-11-01,0.16162792232169204,0.16392601735629922,0.16392601735629922,0.15815796506190016,0.16192668519977152
2022-11-02,0.31405301253817747,0.30627115606857,0.30627115606857,0.3262849704509662,0.3133269932138186
2022-11-03,0.17881877892371745,0.17802002739809963,0.17802002739809963,0.184219728535458,0.17978829521626782
2022-11-04,0.2249108845933764,0.21557415245490416,0.21557415245490416,0.24108250081111957,0.2245273416642275
2022-11-07,0.14034493017394437,0.14336896374764624,0.14336896374764624,0.13861213307883624,0.14143845162679608
2022-11-08,0.13594017966972177,0.13078066598187474,0.13078066598187474,0.14463758353427114,0.13565298394118988
2022-11-09,0.1623746930297277,0.16420824123263322,0.16420824123263322,0.16293724656710873,0.16343406945370847
2022-11-10,0.1642123758027329,0.15587963872637847,0.15587963872637847,0.17717802891639947,0.16351963325271604
2022-11-11,0.1614952126116517,0.1653096422992878,0.1653096422992878,0.16044413988671605,0.1631545137244965
2022-11-14,0.1282821012277325,0.13058094038838267,0.13058094038838267,0.12593184842590693,0.1288583446354916
2022-11-15,0.20958243540511792,0.208864337587769,0.208864337587769,0.21388639543631208,0.21030977771791423
2022-11-16,0.1269007901430294,0.1330987665456448,0.1330987665456448,0.1190848486840878,0.12817524628119636
2022-11-17,0.11969981700271382,0.11705756647386822,0.11705756647386822,0.12435499603040827,0.11957963765392311
2022-11-18,0.12363935745726712,0.12288939292131561,0.12288939292131561,0.1268994552022902,0.1240904591701382
2022-11-21,0.10955309850492571,0.11353712796204676,0.11353712796204676,0.10132363108638248,0.10960122998887793
2022-11-22,0.08794157905096839,0.09359229498405418,0.09359229498405418,0.08173737616695283,0.08935009142328856
2022-11-23,0.11999717373520567,0.12121610041357687,0.12121610041357687,0.12222587323204055,0.1211663853867077
2022-11-25,0.052216206121174606,0.05362195595700532,0.05362195595700532,0.04948624345114723,0.05226387087153333
2022-11-28,0.10126331768031653,0.10155567655365247,0.10155567655365247,0.09860189042204034,0.10075180294040016
2022-11-29,0.10613456734394074,0.10712356902962326,0.10712356902962326,0.1068752196168914,0.10681500016001168
2022-11-30,0.1737606512358462,0.17419844135662768,0.17419844135662768,0.16815453074693382,0.1725970046602662
2022-12-01,0.13844830441303832,0.13744625590869555,0.13744625590869555,0.13910294872988693,0.138112734629027
2022-12-02,0.13161342901915699,0.12444896857697403,0.12444896857697403,0.14100628678540425,0.13055646208722654
2022-12-05,0.11054306481111278,0.11128017734117153,0.11128017734117153,0.11145288406381686,0.1111396309627462
2022-12-06,0.11909663318094078,0.1160034553065041,0.1160034553065041,0.12573406932681408,0.11927559212870402
2022-12-07,0.15476028822329632,0.15135848697601156,0.15135848697601156,0.1598226403471142,0.15436386100526872
2022-12-08,0.11411888474885959,0.11301002347843155,0.11301002347843155,0.11845156034786954,0.11466955003221188
2022-12-09,0.13959196740920485,0.14356550318294803,0.14356550318294803,0.13370578622440182,0.14016531493508308
2022-12-12,0.09117795589945125,0.09352745964436165,0.09352745964436165,0.08535773943523711,0.09095896703809843
2022-12-13,0.20778384898226027,0.20417289428627436,0.20417289428627436,0.21548151133983634,0.20795405210625925
2022-12-14,0.23849653031056903,0.23070605858257417,0.23070605858257417,0.24869796872192626,0.23726664617577659
2022-12-15,0.14201308433669643,0.13845139697619208,0.13845139697619208,0.14604447295731227,0.14127480565684652
2022-12-16,0.14076943261309194,0.14279000394432162,0.14279000394432162,0.13709086556000843,0.14087930031683407
2022-12-19,0.10897607950923856,0.10979352449435517,0.10979352449435517,0.10962239697935189,0.10954689848015739
2022-12-20,0.14102790758075837,0.13797183638579463,0.13797183638579463,0.14776353560673744,0.1412403876755401
2022-12-21,0.10556999569517368,0.10432521451807057,0.10432521451807057,0.10861165963428127,0.10572253469350187
2022-12-22,0.12664861545100378,0.12187517407994583,0.12187517407994583,0.13730125053094167,0.12708129416543848
2022-12-23,0.1684195897995474,0.16383119256732973,0.16383119256732973,0.17604281772553532,0.16810528785337242
2022-12-27,0.11805565268885634,0.11640014013781463,0.11640014013781463,0.12333301797710183,0.11858135994259149
2022-12-28,0.13091825694668385,0.13207097404279278,0.13207097404279278,0.1319522107964544,0.13175399453645983
2022-12-29,0.09452813628286813,0.09679597825005563,0.09679597825005563,0.09320928480059885,0.09534471948267786
2022-12-30,0.1203893302002169,0.12028076678043705,0.12028076678043705,0.12045652200334615,0.12035186977544143
2023-01-03,0.16811246580192182,0.15644180586951895,0.15644180586951895,0.1868377894916255,0.16742030789867743
2023-01-04,0.1942933995089326,0.19283311724520613,0.19283311724520613,0.19671951586841532,0.19417628281361257
2023-01-05,0.14656181173198152,0.15345480816348334,0.15345480816348334,0.1413908346479013,0.14880229255422606
2023-01-06,0.1554162566599395,0.15341314959347765,0.15341314959347765,0.16214010196553802,0.15613681055084733
2023-01-09,0.11126612872089775,0.11524560246678221,0.11524560246678221,0.11152842590020176,0.11333781249011224
2023-01-10,0.14463171748211773,0.14177583731068066,0.14177583731068066,0.14968506907456305,0.14450322634458115
2023-01-11,0.09288857479233745,0.09753596020951451,0.09753596020951451,0.08457083076251946,0.09328322439056014
2023-01-12,0.164214753613137,0.16224762263478734,0.16224762263478734,0.1681966748327701,0.1642446261147565
2023-01-13,0.11296682126456041,0.116266484833311,0.116266484833311,0.10555748758625753,0.11284909933527508
2023-01-17,0.09993423086941365,0.09837180118384314,0.09837180118384314,0.10523583198779085,0.10051797522076703
2023-01-18,0.12046487495245031,0.12076619727106398,0.12076619727106398,0.12113555630792848,0.1207834404067543
2023-01-19,0.12194532955128486,0.12140035611633064,0.12140035611633064,0.12345182862401967,0.12205235589730498
2023-01-20,0.0987150536732087,0.09652565679383666,0.09652565679383666,0.10017598432193942,0.09799782458750936
2023-01-23,0.10741764108918017,0.09966084243259793,0.09966084243259793,0.11769186388020092,0.10636551540502905
2023-01-24,0.11800601474043665,0.11739310838452151,0.11739310838452151,0.1191410762010925,0.1179854857023044
2023-01-25,0.12029778072139533,0.11966683190740685,0.11966683190740685,0.12092509715297338,0.12014026852544081
2023-01-26,0.13119436021312322,0.1263526685006984,0.1263526685006984,0.1385044436236664,0.13069567201109497
2023-01-27,0.10221586438901112,0.10069773360993566,0.10069773360993566,0.10669628079904535,0.10260634285644403
2023-01-30,0.11353258861178343,0.11094649815303026,0.11094649815303026,0.11812164477914008,0.11342466943643974
2023-01-31,0.10378084324177167,0.10820555960057002,0.10820555960057002,0.09857675491617243,0.1047672733857302
2023-02-01,0.186956307496494,0.19117971654913887,0.19117971654913887,0.17797874250836082,0.18690135214679374
2023-02-02,0.13257849671263694,0.13202076167634444,0.13202076167634444,0.13704025932115008,0.1334316805453216
2023-02-03,0.16426752743060913,0.1683212829344433,0.1683212829344433,0.1613375670614264,0.16558814849715242
2023-02-06,0.11800963667920386,0.11896355717222783,0.11896355717222783,0.11488242359734635,0.11771671660271711
2023-02-07,0.18120122691664678,0.17155484101806648,0.17155484101806648,0.19781289608989103,0.18084935267304406
2023-02-08,0.12274359296281953,0.12308674120214269,0.12308674120214269,0.12435239142982253,0.12331889411933661
2023-02-09,0.1196607361232767,0.12325922987727908,0.12325922987727908,0.11462683360454952,0.12025356361834916
2023-02-10,0.13152353578190767,0.12880876371304625,0.12880876371304625,0.13516716333954848,0.13110301076672656
2023-02-13,0.08382697792044606,0.08537712862724861,0.08537712862724861,0.08306512747415422,0.08441754233398405
2023-02-14,0.16612694597838992,0.16211445532097318,0.16211445532097318,0.17231586132422858,0.1657204811512817
2023-02-15,0.11154260730906636,0.11402150434502319,0.11402150434502319,0.10856250586101933,0.11205955763603201
2023-02-16,0.11641479132259129,0.11984585620852006,0.11984585620852006,0.11072420733844912,0.11676719598213027
2023-02-17,0.11155637080538537,0.11255802541501359,0.11255802541501359,0.11100863403774684,0.11192224853536577
2023-02-21,0.10193566085155005,0.10380849643517544,0.10380849643517544,0.09998630828664506,0.10239695877112016
2023-02-22,0.13269178471337825,0.13298207270150142,0.13298207270150142,0.13396491787281353,0.1331560853576227
2023-02-23,0.11183925122118156,0.11304699396654258,0.11304699396654258,0.11042692408044269,0.11209523781736386
2023-02-24,0.11927286255254381,0.11552732983747424,0.11552732983747424,0.12326645693770925,0.11844171881795627
2023-02-27,0.09381750000989456,0.09532251517001822,0.09532251517001822,0.09566865254200618,0.09503549098098349
2023-02-28,0.09499459251439722,0.10007068963682793,0.10007068963682793,0.08963660561329333,0.09628990019938506
2023-03-01,0.11325208178199285,0.11801907812757463,0.11801907812757463,0.10783585948262701,0.11435865973164998
2023-03-02,0.10159277417920096,0.09865813587670313,0.09865813587670313,0.10637361464842815,0.10136973563165987
2023-03-03,0.08773513365374162,0.08947321670716968,0.08947321670716968,0.08427355220835975,0.0877644550699646
2023-03-06,0.08229525712822486,0.08462516225834671,0.08462516225834671,0.08015897199109719,0.0829469805221582
2023-03-07,0.13580066330524326,0.13212485794076362,0.13212485794076362,0.14453441810790751,0.136240572466198
2023-03-08,0.12514031175428356,0.12624862663728104,0.12624862663728104,0.12325915321908337,0.12523013608337644
2023-03-09,0.11335978663118834,0.11201873579210403,0.11201873579210403,0.118820123563218,0.11408884402689133
2023-03-10,0.20875175299792115,0.2043642342413861,0.2043642342413861,0.21618143445736412,0.20847133343572982
2023-03-13,0.31261713787557477,0.3181741418890345,0.3181741418890345,0.3052395383548618,0.31359616539518315
2023-03-14,0.166560457367125,0.1704904587980639,0.1704904587980639,0.16280979247639932,0.16761817291608236
2023-03-15,0.23154469330165892,0.23951837221295683,0.23951837221295683,0.21837526983196204,0.23239987345383312
2023-03-16,0.16405246413678823,0.16822678209656244,0.16822678209656244,0.15909307467711628,0.16494265505676456
2023-03-17,0.1713044953204362,0.16698376181250807,0.16698376181250807,0.17811420014741092,0.17090717643596345
2023-03-20,0.14953516318625046,0.15168021759902986,0.15168021759902986,0.14924540701050792,0.15053964043122398
2023-03-21,0.10082716818864744,0.10356857923547003,0.10356857923547003,0.09818749991409643,0.10156254746956447
2023-03-22,0.2084396289771832,0.20122374522049166,0.20122374522049166,0.22306138335972564,0.20867765270604743
2023-03-23,0.18823151982732061,0.17770789702500545,0.17770789702500545,0.2043427008515547,0.18731473365562495
2023-03-24,0.17404422725707205,0.1814577331047653,0.1814577331047653,0.16174818975011232,0.17486258014222922
2023-03-27,0.1124637504807677,0.1159036146928784,0.1159036146928784,0.1103048394041843,0.11366898055970866
2023-03-28,0.08992916455200758,0.09132148827234686,0.09132148827234686,0.08986030483395237,0.09061092299279606
2023-03-29,0.07936126206094643,0.07880675161688662,0.07880675161688662,0.0811303956093362,0.07953200489181217
2023-03-30,0.08092209944292529,0.08398730058658016,0.08398730058658016,0.07764375041059333,0.08167721756358125
2023-03-31,0.07301334301648588,0.07120378867269926,0.07120378867269926,0.07650574713827382,0.07301376008383857
2023-04-03,0.08004034490863197,0.07920326892784987,0.07920326892784987,0.08218064659858317,0.0801661261165971
2023-04-04,0.09923227927290847,0.09767572269943868,0.09767572269943868,0.10205099429125561,0.09917477539077875
2023-04-05,0.08597155748005626,0.0868060926349605,0.0868060926349605,0.08630744066938165,0.0864735197149164
2023-04-06,0.07558167838185083,0.07797407294725475,0.07797407294725475,0.07339595797572368,0.07625527663407848
2023-04-10,0.07366650427337765,0.07262876717545054,0.07262876717545054,0.07775381111000917,0.07419953611182849
2023-04-11,0.06562354047073386,0.06599255542509767,0.06599255542509767,0.06558850425337293,0.06579957389143554
2023-04-12,0.11817113394582338,0.11404076639953707,0.11404076639953707,0.12558441505895068,0.11805343600010981
2023-04-13,0.07819332654503663,0.07653406202939439,0.07653406202939439,0.08189426290317393,0.07831952488695153
2023-04-14,0.10398385229670419,0.09947203637465322,0.09947203637465322,0.11335186078278633,0.10422410700315886
2023-04-17,0.0795538119449491,0.08097815106733657,0.08097815106733657,0.07877482281060201,0.0800768437258594
2023-04-18,0.0826284467955937,0.07705735875638903,0.07705735875638903,0.0914231765997851,0.08225164210590181
2023-04-19,0.06535422982024247,0.064606831251631,0.064606831251631,0.06718551198933016,0.06544683656491532
2023-04-20,0.08178229532148928,0.08189507944776733,0.08189507944776733,0.08493774468310995,0.08263832702719831
2023-04-21,0.08825399252601031,0.08561465768222468,0.08561465768222468,0.09384174588797468,0.08839510688971042
2023-04-24,0.06817023848920292,0.0682529217035472,0.0682529217035472,0.06741140017245986,0.0680227920094203
2023-04-25,0.08681463833964832,0.08142773374798873,0.08142773374798873,0.09526711484474817,0.08641984182980356
2023-04-26,0.09111623049051715,0.09314603570977913,0.09314603570977913,0.09126074072121808,0.09217247174818702
2023-04-27,0.0717522910231547,0.06944025641880154,0.06944025641880154,0.07654619432286426,0.07185333944118916
2023-04-28,0.0980876893797573,0.09388598769367613,0.09388598769367613,0.10432989306967347,0.09764102463388977
2023-05-01,0.07921313300981571,0.08035444083532535,0.08035444083532535,0.08031590651220648,0.0800609730206045
2023-05-02,0.1090342791292036,0.1064214779930537,0.1064214779930537,0.11500514302872351,0.10927684899457692
2023-05-03,0.18661008039004542,0.19028401348499877,0.19028401348499877,0.17931666637776839,0.186677395873157
2023-05-04,0.13693360599719764,0.13468396501717603,0.13468396501717603,0.1433940045332793,0.1374701729948916
2023-05-05,0.07493052064760969,0.0737848697665738,0.0737848697665738,0.07905870127199409,0.07542094401470452
2023-05-08,0.06916391006534171,0.06853452356986751,0.06853452356986751,0.07258850861568031,0.06972571240308847
2023-05-09,0.06230155082184388,0.06293209956623544,0.06293209956623544,0.062401874683959226,0.0626425883694721
2023-05-10,0.1107119303935236,0.10552193665651696,0.10552193665651696,0.12023180567737896,0.11066003892483885
2023-05-11,0.09388766393303911,0.09306033968743399,0.09306033968743399,0.09660915048421823,0.09416564532987444
2023-05-12,0.08616274782839094,0.08486949355724605,0.08486949355724605,0.08994666122950795,0.08648711298945297
2023-05-15,0.07138335485999524,0.07113335293679648,0.07113335293679648,0.07428191635007232,0.07199530236023885
2023-05-16,0.08039578776461992,0.07305741821634301,0.07305741821634301,0.09359247362471541,0.08046397722329253
2023-05-17,0.07880068716439112,0.07403494614164334,0.07403494614164334,0.08849461556693579,0.0790619879940924
2023-05-18,0.09537766530264989,0.09064007591462168,0.09064007591462168,0.10467770553838371,0.09550597860733855
2023-05-19,0.10151938446489556,0.09736918125809294,0.09736918125809294,0.11089819347167822,0.10193884153642782
2023-05-22,0.0853718453170187,0.08270665389559147,0.08270665389559147,0.09354928681612189,0.08619832108841842
2023-05-23,0.09306836549225515,0.09020319478012416,0.09020319478012416,0.10001298379891416,0.09345794546324551
2023-05-24,0.1026288286972234,0.09743827571117583,0.09743827571117583,0.11059540495872147,0.1021670876859102
2023-05-25,0.11323979481906019,0.1088942456977341,0.1088942456977341,0.11554972780071329,0.11168135947600963
2023-05-26,0.09027701651622634,0.08759829778072045,0.08759829778072045,0.09751761205503601,0.09083852145448408
2023-05-30,0.10046524652623295,0.09933376407634523,0.09933376407634523,0.10299829649151201,0.10054390609440261
2023-05-31,0.09152274284911412,0.09389036063108325,0.09389036063108325,0.09003565813348822,0.09234937984770819
2023-06-01,0.0870011217644788,0.08509054303982709,0.08509054303982709,0.09129237969231141,0.08715545709791807
2023-06-02,0.08599304104565716,0.08324420438460697,0.08324420438460697,0.09043024747918282,0.08577824300875889
2023-06-05,0.0982938029875954,0.09758436317614091,0.09758436317614091,0.10057591509082596,0.09851726025817403
2023-06-06,0.07674737221182373,0.07583704353263442,0.07583704353263442,0.07895874580134338,0.07685563906357612
2023-06-07,0.09086069984937287,0.08888402429993832,0.08888402429993832,0.09382758427881818,0.0906366673871847
2023-06-08,0.06995790313019123,0.07073681274255442,0.07073681274255442,0.06997277454238061,0.07035213348129975
2023-06-09,0.08626388354177655,0.08442714221102843,0.08442714221102843,0.09179202993677484,0.08678006546359797
2023-06-12,0.06507658791062225,0.06551590301011086,0.06551590301011086,0.06450724572410743,0.06515522645855017
2023-06-13,0.0923114415919102,0.09099727569348126,0.09099727569348126,0.09685255413732141,0.09282083260099842
2023-06-14,0.1324096291701631,0.1326532238274752,0.1326532238274752,0.13620626259720334,0.13348989798044913
2023-06-15,0.09463665361120996,0.09417632558055161,0.09417632558055161,0.09856744669530745,0.09540702064637138
2023-06-16,0.09650576323061823,0.09611181054649966,0.09611181054649966,0.09688977520798239,0.0964053306742293
2023-06-20,0.08019754820404097,0.08018578113378559,0.08018578113378559,0.07964528292496732,0.08005394559640439
2023-06-21,0.09085138496699141,0.09107283957838093,0.09107283957838093,0.09083872815775339,0.09095901948333342
2023-06-22,0.08281669878008291,0.08024656000777802,0.08024656000777802,0.0877856965657907,0.08283108550619131
2023-06-23,0.08220369884114143,0.08018959618102393,0.08018959618102393,0.08758870930438195,0.08259838492991854
2023-06-26,0.08640509677336587,0.0847072329818498,0.0847072329818498,0.0905842106622938,0.08663424641648403
2023-06-27,0.07603037589787609,0.07584572631038151,0.07584572631038151,0.07611463111617839,0.0759592053806233
2023-06-28,0.08598752106824295,0.08130924424928909,0.08130924424928909,0.09500504944330043,0.08608455087872414
2023-06-29,0.08369335013639938,0.08064497576650155,0.08064497576650155,0.08852309098840416,0.08343880800915493
2023-06-30,0.06623403061528384,0.06371455318573828,0.06371455318573828,0.07151320323501677,0.06637050102228345
2023-07-03,0.03883080367420961,0.03903180052388275,0.03903180052388275,0.03847140542316031,0.03884212678745374
2023-07-05,0.05649283688744631,0.05786433570105182,0.05786433570105182,0.05628900627115522,0.05713242411020603
2023-07-06,0.06780286199380255,0.06808032549537162,0.06808032549537162,0.06821330917548593,0.06804436986689744
2023-07-07,0.07325158396266042,0.07333374311878772,0.07333374311878772,0.07485193121713223,0.0736957968943916
2023-07-10,0.07861685318788521,0.07416413858330131,0.07416413858330131,0.08293119707842096,0.07755454847659105
2023-07-11,0.06772596424372712,0.06537643310226099,0.06537643310226099,0.07187420494104427,0.06764034221342809
2023-07-12,0.07722057928435103,0.07770359802089379,0.07770359802089379,0.07951982424038039,0.07804184551094533
2023-07-13,0.05360900745586766,0.05107338118673822,0.05107338118673822,0.05702782712622225,0.05325194662834706
2023-07-14,0.07500357609877664,0.07569484230530192,0.07569484230530192,0.07760043481373424,0.07600457587233587
2023-07-17,0.05528031280767685,0.05402523012856088,0.05402523012856088,0.05665452900293035,0.055007044143333135
2023-07-18,0.05904457546886344,0.057076594038929056,0.057076594038929056,0.06174181679218189,0.05876603825184043
2023-07-19,0.07148545721576618,0.07051351004601826,0.07051351004601826,0.07409790866878062,0.07166760226987842
2023-07-20,0.06892097141962993,0.06912878351726838,0.06912878351726838,0.0706193357140876,0.06945280465769392
2023-07-21,0.07053411174412995,0.07071291761981596,0.07071291761981596,0.07138618875683594,0.07083728238253811
2023-07-24,0.06764416528249673,0.06822624932219193,0.06822624932219193,0.06576993712534415,0.06747418009762188
2023-07-25,0.05023961353797753,0.051315833987646824,0.051315833987646824,0.051277534049623666,0.05103928365080937
2023-07-26,0.09501440977762712,0.09560712461838661,0.09560712461838661,0.0956149916342591,0.09546126078965447
2023-07-27,0.09167324638075848,0.08930333072318408,0.08930333072318408,0.0963341954951158,0.09169846111057048
2023-07-28,0.07265548289824696,0.06955070685671172,0.06955070685671172,0.07904014166981815,0.07280241211474191
2023-07-31,0.06482523528600792,0.06169128000874705,0.06169128000874705,0.07178281763792553,0.06512816613447907
2023-08-01,0.06383528495695694,0.06568845942791056,0.06568845942791056,0.061776115244644735,0.06426737007276714
2023-08-02,0.08188334567759357,0.07889370503432294,0.07889370503432294,0.08724016655390839,0.08179878108473784
2023-08-03,0.08691113837546657,0.08712250129941085,0.08712250129941085,0.08796759499010734,0.08728187699544898
2023-08-04,0.09839266346221104,0.09239024111871874,0.09239024111871874,0.10811819361586543,0.09803388868383175
2023-08-07,0.07742323905902083,0.07420493744650253,0.07420493744650253,0.0820143592621507,0.07702833659512927
2023-08-08,0.0831387067049989,0.07981945231838584,0.07981945231838584,0.08938223760405736,0.08313170106599248
2023-08-09,0.08522026844180927,0.08587518080817322,0.08587518080817322,0.0866597446035133,0.08590910726708938
2023-08-10,0.1296954669131068,0.12562628245179883,0.12562628245179883,0.13799785437948356,0.129834748465567
2023-08-11,0.09945768212218214,0.09558932674469778,0.09558932674469778,0.10698764886737148,0.0995148560747266
2023-08-14,0.07857491513658968,0.07862572684162038,0.07862572684162038,0.08039089122613939,0.07905808390607733
2023-08-15,0.0894981010329268,0.09296224977701682,0.09296224977701682,0.08410400519801282,0.08995464627529845
2023-08-16,0.09910069443440526,0.09662537792353715,0.09662537792353715,0.10472292098874715,0.09932366930335576
2023-08-17,0.09835442830758587,0.09488659345098974,0.09488659345098974,0.10445691965390869,0.09822394421010847
2023-08-18,0.10606610779674865,0.10554045228719804,0.10554045228719804,0.10735401010965365,0.10612784371660881
2023-08-21,0.08440156944322702,0.0853409827119861,0.0853409827119861,0.08588843647809877,0.08524467007623893
2023-08-22,0.0926599161729449,0.08860692665475632,0.08860692665475632,0.09963009883435409,0.0924856631610044
2023-08-23,0.07400628387793755,0.07410122891216527,0.07410122891216527,0.07318180261952116,0.07384864680657775
2023-08-24,0.10682317721915469,0.10327244336619133,0.10327244336619133,0.1126875484560182,0.10658338271732228
2023-08-25,0.1541910923930635,0.14375219092104524,0.14375219092104524,0.17224163019341487,0.15392486554667884
2023-08-28,0.09607346149302969,0.09345368606856391,0.09345368606856391,0.10092303304552483,0.09602441288803092
2023-08-29,0.0821716998838329,0.07858078911110923,0.07858078911110923,0.0904335364026547,0.08258373569102184
2023-08-30,0.08463031605698244,0.07795050137123478,0.07795050137123478,0.09506524963062725,0.0841906369664881
2023-08-31,0.0769537037078945,0.07640857977507214,0.07640857977507214,0.07983928229437165,0.07741564060015572
2023-09-01,0.08835302820753778,0.08628800688219872,0.08628800688219872,0.09325079233000778,0.08859064302597221
2023-09-05,0.06885969640452873,0.06952082745813777,0.06952082745813777,0.06885567882519629,0.06919005202399182
2023-09-06,0.07980589305583431,0.08051088870742079,0.08051088870742079,0.07916409239909554,0.07999990701983534
2023-09-07,0.0802241822978348,0.07846934254189943,0.07846934254189943,0.0827690125329048,0.0800023504325721
2023-09-08,0.07387954396870927,0.0714233946858792,0.0714233946858792,0.07847711981557605,0.0738570375260247
2023-09-11,0.06218033062829528,0.06081239425466116,0.06081239425466116,0.06437021753588679,0.06206088343842318
2023-09-12,0.0689573491087924,0.07151554131277517,0.07151554131277517,0.06767636276700224,0.06993595529482896
2023-09-13,0.08077337709426446,0.07788475137573382,0.07788475137573382,0.0855545771287859,0.08058534778205244
2023-09-14,0.0666938212051153,0.06794641844067659,0.06794641844067659,0.06352401813225222,0.06655223178909485
2023-09-15,0.08077049873506052,0.07733982910216289,0.07733982910216289,0.0869530292869198,0.08069634610561043
2023-09-18,0.06739654570212095,0.06569444683597274,0.06569444683597274,0.0701741921439302,0.0672648353632866
2023-09-19,0.07048294095494027,0.06808045622135797,0.06808045622135797,0.07573489140354683,0.07066384468060931
2023-09-20,0.10688264981103988,0.10380127284315234,0.10380127284315234,0.1137002546528332,0.10712266009867569
2023-09-21,0.0885429504856895,0.08856958208938139,0.08856958208938139,0.09017676133257028,0.08896747173562643
2023-09-22,0.09301182255632678,0.08744716455847364,0.08744716455847364,0.10392662423131042,0.09320133520770928
2023-09-25,0.0951763172558725,0.08976347620980396,0.08976347620980396,0.10413152142695757,0.09489055332805725
2023-09-26,0.09070574743925638,0.0842060363281312,0.0842060363281312,0.1022450319070507,0.09064062593061828
2023-09-27,0.10807847496212285,0.10251435991558068,0.10251435991558068,0.117548256673654,0.10783892777535843
2023-09-28,0.11803910542910571,0.1076295026932411,0.1076295026932411,0.13318771547891098,0.1170901550782384
2023-09-29,0.12682781641856586,0.11882658278400694,0.11882658278400694,0.1409045410588312,0.12666777240161584
2023-10-02,0.13221981665709903,0.12847967834881047,0.12847967834881047,0.1404209626976263,0.13248979411542672
2023-10-03,0.12987715694662663,0.12734057392700993,0.12734057392700993,0.13409192113683693,0.12969190678954
2023-10-04,0.12269050465238455,0.11860611055680635,0.11860611055680635,0.13108187145580438,0.12285177642085561
2023-10-05,0.10910624086509252,0.10492034119543438,0.10492034119543438,0.11635004301407346,0.10892435482735376
2023-10-06,0.12861633717352186,0.12264533717229888,0.12264533717229888,0.14047169917454505,0.12880044440638655
2023-10-09,0.0928713019135373,0.08751249443802078,0.08751249443802078,0.1026154213921756,0.09283301782251076
2023-10-10,0.09636026605060988,0.09037066045317443,0.09037066045317443,0.10629354387890876,0.09606941615983688
2023-10-11,0.08858748931244069,0.08518452782309675,0.08518452782309675,0.09430539893785321,0.08839408788544251
2023-10-12,0.10808518571213792,0.10167010158443401,0.10167010158443401,0.11751948289243658,0.10743236865827648
2023-10-13,0.1342096659193705,0.12911574764551068,0.12911574764551068,0.14385241186524464,0.13420833003744162
2023-10-16,0.09827579103253391,0.09206117139485039,0.09206117139485039,0.10831023595029181,0.09790270281236135
2023-10-17,0.1088856171026237,0.10398193392678746,0.10398193392678746,0.11729604875616434,0.10867258834675979
2023-10-18,0.12740843301977675,0.12240751256962659,0.12240751256962659,0.1376047474932894,0.1276079676237082
2023-10-19,0.17372817873593896,0.17061762206025124,0.17061762206025124,0.18085987665617698,0.17400612129030357
2023-10-20,0.13031217380246599,0.12830404246515847,0.12830404246515847,0.13489614148629797,0.1304818821281501
2023-10-23,0.12127890812323316,0.12118084302903337,0.12118084302903337,0.1226788803335341,0.12158153094724919
2023-10-24,0.11140986028044246,0.11224039367943553,0.11224039367943553,0.11225842745471022,0.1120378545949331
2023-10-25,0.12322829532357245,0.11966858058920374,0.11966858058920374,0.12886342230890419,0.12291473949244866
2023-10-26,0.1377446931166648,0.13622016880733115,0.13622016880733115,0.1426508816505648,0.13823417024860676
2023-10-27,0.14304756955800693,0.14451736784548078,0.14451736784548078,0.14157502290399046,0.1434195187942442
2023-10-30,0.1076317285833556,0.10694384484062953,0.10694384484062953,0.10949250432553312,0.1077580268470884
2023-10-31,0.10476415087142774,0.10101554597599137,0.10101554597599137,0.11092967694629509,0.10450981005732897
2023-11-01,0.1352971281902138,0.13219709393766665,0.13219709393766665,0.14113929089652438,0.1352569366265751
2023-11-02,0.07760171966480246,0.07754876100792168,0.07754876100792168,0.08027223825953725,0.07825164502721016
2023-11-03,0.08616318128741221,0.08822733416293521,0.08822733416293521,0.08898793452356571,0.08790772333437823
2023-11-06,0.06718564506500556,0.06532977979923736,0.06532977979923736,0.06855016049027224,0.06661267834143263
2023-11-07,0.06588582957884327,0.0656074167806636,0.0656074167806636,0.06716756181264004,0.06607020919523905
2023-11-08,0.06993186629153371,0.07089756113079375,0.07089756113079375,0.0710575152541041,0.07069753309998422
2023-11-09,0.09695520176547456,0.09105362677597832,0.09105362677597832,0.10595317663412158,0.09644676340650779
2023-11-10,0.0748874257365951,0.07257049246483309,0.07257049246483309,0.0789017970322208,0.07477729077324313
2023-11-13,0.06505737036106735,0.06369377551096199,0.06369377551096199,0.06802489546305872,0.06514146513308323
2023-11-14,0.06941012383051773,0.0690814343373622,0.0690814343373622,0.07194159403297194,0.06988892505681304
2023-11-15,0.06862484174595211,0.06765913854191291,0.06765913854191291,0.07128257571737104,0.06882240289692601
2023-11-16,0.07403162621065977,0.06853868708775138,0.06853868708775138,0.08284657493129029,0.0737213332636255
2023-11-17,0.05943013355016458,0.05917842883666918,0.05917842883666918,0.060381900418398096,0.05954428509748265
2023-11-20,0.049960595139631504,0.048763171808791646,0.048763171808791646,0.05214613992631146,0.04992738433372033
2023-11-21,0.05486506697721457,0.05497711515342655,0.05497711515342655,0.05652836107575142,0.0553412087903558
2023-11-22,0.0677065665022449,0.06466613479296411,0.06466613479296411,0.07383719351594305,0.067822430419363
2023-11-24,0.0328994862862315,0.03226174112053802,0.03226174112053802,0.03328344725530835,0.032679519348332124
2023-11-27,0.05097031466861261,0.04871538210364997,0.04871538210364997,0.053303472945183054,0.05046189184038904
2023-11-28,0.062782329911414,0.06442114821915479,0.06442114821915479,0.06325460922378842,0.06372388722627573
2023-11-29,0.05819627547056915,0.055144022467704966,0.055144022467704966,0.06440017866947702,0.05834362844206819
2023-11-30,0.07309214671285173,0.07064091158933951,0.07064091158933951,0.07875098420887965,0.0733560771260739
2023-12-01,0.08439102194169014,0.08153229774026897,0.08153229774026897,0.08936150406918027,0.08426498997728044
2023-12-04,0.06102980364723544,0.05984992808097784,0.05984992808097784,0.06455785904077009,0.0613522246535211
2023-12-05,0.08121835057442373,0.07720507599116422,0.07720507599116422,0.08697535049133302,0.08075020058910551
2023-12-06,0.06463888297884836,0.06367074231369688,0.06367074231369688,0.0674486706026702,0.0648757181316229
2023-12-07,0.06192806391570427,0.062197681546094015,0.062197681546094015,0.06409567322628307,0.0626107890185403
2023-12-08,0.0774728419526611,0.07446471972279214,0.07446471972279214,0.08294457379830494,0.07741419851938086
2023-12-11,0.05553074471148882,0.05610377986282023,0.05610377986282023,0.057016656052111765,0.056191260230949044
2023-12-12,0.048511863117373474,0.0482221202943369,0.0482221202943369,0.0484446563918262,0.048350365477946196
2023-12-13,0.06868316125246908,0.06399638987919781,0.06399638987919781,0.07801466749908868,0.06891070457441031
2023-12-14,0.07995667234436586,0.07662375746079735,0.07662375746079735,0.08584236046636512,0.07985045509833341
2023-12-15,0.06946197224413105,0.07087459627662035,0.07087459627662035,0.07023302577838404,0.07036344983864037
2023-12-18,0.04411034515764416,0.045741258366017175,0.045741258366017175,0.042718141916116836,0.04459564898200684
2023-12-19,0.042220699197476716,0.04070727598488746,0.04070727598488746,0.045724234446168924,0.04238943763672627
2023-12-20,0.06242598459144096,0.06010268509256722,0.06010268509256722,0.06753161108726788,0.06261427065558903
2023-12-21,0.0921191586485806,0.08733264007836858,0.08733264007836858,0.10077613817683895,0.09205399157841478
2023-12-22,0.06900102154763575,0.06776042308483111,0.06776042308483111,0.0744469859429782,0.06979692787630756
2023-12-26,0.03412442870485912,0.03227152952725421,0.03227152952725421,0.03736253798326847,0.03407102550203425
2023-12-27,0.053976959241021624,0.055912867997528315,0.055912867997528315,0.05255245194381758,0.054607165165462074
2023-12-28,0.04404270975134056,0.04451640368536064,0.04451640368536064,0.04509318638828094,0.0445437316999964
2023-12-29,0.06073431290152279,0.05851071292373024,0.05851071292373024,0.06533060758441894,0.060835335341920656
2024-01-02,0.06691265504506982,0.06719035447298063,0.06719035447298063,0.06575532799182399,0.06676479991901128
2024-01-03,0.08408601563050701,0.08271080575248714,0.08271080575248714,0.08493329415233393,0.08361560448958087
2024-01-04,0.07017561496465757,0.07051411221191493,0.07051411221191493,0.07105258717894737,0.07056480553816975
2024-01-05,0.08784939444080887,0.08798480349782091,0.08798480349782091,0.09075473869127935,0.08865183302058613
2024-01-08,0.057248711953950204,0.05509725356470767,0.05509725356470767,0.06205328187894767,0.05744440684932233
2024-01-09,0.06483034736222285,0.06252683890426991,0.06252683890426991,0.07062614103746928,0.0652116494647851
2024-01-10,0.057911537257151785,0.057415142535448,0.057415142535448,0.05875034754567931,0.05787561375259058
2024-01-11,0.09643967248437234,0.09163251689817054,0.09163251689817054,0.10468136177408476,0.09624426507324584
2024-01-12,0.08311298233529962,0.08310617207363746,0.08310617207363746,0.08510723419099973,0.08361261988745416
2024-01-16,0.09485205726786694,0.0944938722966856,0.0944938722966856,0.0963235723285407,0.09504384140664109
2024-01-17,0.06949002465528926,0.0712135488364941,0.0712135488364941,0.06930521219157079,0.07031147672906397
2024-01-18,0.07893233231906124,0.07785560083344079,0.07785560083344079,0.08106351160512965,0.0789376259482033
2024-01-19,0.07501050490153229,0.07396452293906712,0.07396452293906712,0.0779210338791225,0.07523258049804907
2024-01-22,0.06792164738196108,0.07150708142828102,0.07150708142828102,0.06529018848655552,0.06910623033502665
2024-01-23,0.048085115829771645,0.04905752433297461,0.04905752433297461,0.047171092929575414,0.048349177241950016
2024-01-24,0.06779209866860958,0.06699350357058165,0.06699350357058165,0.07036392609336407,0.06804981590439824
2024-01-25,0.07496694044244898,0.07579863736760202,0.07579863736760202,0.07129211307126287,0.07448737208251793
2024-01-26,0.06377424260917194,0.06432499769831317,0.06432499769831317,0.06410167535249378,0.06413187479940459
2024-01-29,0.04842638341921991,0.04382688606132694,0.04382688606132694,0.05599353136096244,0.0482752059783318
2024-01-30,0.052005762016226,0.05192963809508037,0.05192963809508037,0.05101764653148846,0.0517222731660942
2024-01-31,0.10192366212910381,0.10445020306081933,0.10445020306081933,0.09762116058104728,0.10214941719595262
2024-02-01,0.08209907872215105,0.0797398515651532,0.0797398515651532,0.0871892205144028,0.08224826252906568
2024-02-02,0.09191254567647295,0.09024591585152696,0.09024591585152696,0.09655485204056176,0.09227595320703313
2024-02-05,0.06670366568927658,0.06717998762511813,0.06717998762511813,0.06597894791916299,0.0667624558781514
2024-02-06,0.0735992191527541,0.07255505055671252,0.07255505055671252,0.07529244543149083,0.07350895884435339
2024-02-07,0.06925531892654338,0.06565125047491162,0.06565125047491162,0.0750642391012247,0.06901288388645672
2024-02-08,0.0490340960538582,0.049106374016319156,0.049106374016319156,0.04937274179269154,0.0491550662343365
2024-02-09,0.04499694431895911,0.04724138470704128,0.04724138470704128,0.04231925081912227,0.045494892147395605
2024-02-12,0.0509257864757745,0.05098173579911576,0.05098173579911576,0.05156302153272185,0.0511137351597929
2024-02-13,0.0740450102157988,0.07362789267483008,0.07362789267483008,0.07491357809548743,0.07405545368235725
2024-02-14,0.07924384949618266,0.07828850674324012,0.07828850674324012,0.08312554609675148,0.07976155821106666
2024-02-15,0.06510609955722904,0.06521553709734869,0.06521553709734869,0.06627905134546837,0.0654558045642294
2024-02-16,0.07411972927792099,0.07317075141319569,0.07317075141319569,0.08089858095836219,0.07540927064037342
2024-02-20,0.07479167458443887,0.07292058923408,0.07292058923408,0.07783259029002848,0.07464337105009876
2024-02-21,0.07072257755448023,0.07059650044446752,0.07059650044446752,0.07227388233393657,0.07105091272035248
2024-02-22,0.06777814931118416,0.06663602707590016,0.06663602707590016,0.07028530392234668,0.06785024259430841
2024-02-23,0.06897732204566234,0.06514939718727805,0.06514939718727805,0.07534556803174514,0.06878174446455393
2024-02-26,0.055636730295813876,0.055758545306094115,0.055758545306094115,0.05737793369113531,0.05613756269641779
2024-02-27,0.05240017049612836,0.05532360133938223,0.05532360133938223,0.048875883795419704,0.05304722333714669
2024-02-28,0.05077584095766782,0.05198068823014606,0.05198068823014606,0.04999670583291813,0.05119043005499421
2024-02-29,0.06453344107266264,0.06324666150055742,0.06324666150055742,0.06752234530178501,0.06466087014892487
2024-03-01,0.06290180389279111,0.0660764059392625,0.0660764059392625,0.06086099329580504,0.06401734195048164
2024-03-04,0.041919000113095975,0.0410253908148955,0.0410253908148955,0.04399628436245463,0.04200904959414559
2024-03-05,0.07182374648812694,0.06960584967346628,0.06960584967346628,0.07747487989922047,0.07219930088394162
2024-03-06,0.09981557569721587,0.09342560825924198,0.09342560825924198,0.11206332240206032,0.09997252864759078
2024-03-07,0.06269825026929027,0.06332546758310986,0.06332546758310986,0.06332408796660852,0.06316890135357811
2024-03-08,0.10581784060629648,0.11079906229434133,0.11079906229434133,0.09804850902845941,0.10649388471162806
2024-03-11,0.08671753741559222,0.08762763509098959,0.08762763509098959,0.08552610799350072,0.08687901257959232
2024-03-12,0.08940022915562792,0.08398352134028643,0.08398352134028643,0.09956151770113403,0.08945859446338945
2024-03-13,0.06995957794230195,0.06723540582883862,0.06723540582883862,0.07514693390986307,0.06996892848946525
2024-03-14,0.09524589061953663,0.0913027596525896,0.0913027596525896,0.10166875685645332,0.09497460666015212
2024-03-15,0.09459685034546976,0.0914861002975935,0.0914861002975935,0.09900709898846027,0.09419445689730985
2024-03-18,0.06436354227644069,0.06473533957191832,0.06473533957191832,0.06525405468710789,0.06477284463118473
2024-03-19,0.06742271977516832,0.06609336661492807,0.06609336661492807,0.06995083228812991,0.06740847183528478
2024-03-20,0.10319098442721805,0.09985690118612377,0.09985690118612377,0.11179300240647246,0.10378927700285624
2024-03-21,0.060933453433608245,0.06142096958464992,0.06142096958464992,0.060930458402268364,0.06117695137446218
2024-03-22,0.05314857071382871,0.05163147588598346,0.05163147588598346,0.05694558077810338,0.0533834907612085
2024-03-25,0.04462071820885263,0.0458414333372468,0.0458414333372468,0.04301831704807705,0.04484545159753995
2024-03-26,0.04684359697760338,0.04811765709421329,0.04811765709421329,0.04547496984971511,0.04715112222711464
2024-03-27,0.0583109308761477,0.057773398042202564,0.057773398042202564,0.060947469542279364,0.058716032192952836
2024-03-28,0.049118959968856075,0.047621271193051665,0.047621271193051665,0.053631315598807204,0.04955946221803988
2024-04-01,0.058174462153441006,0.05770652757874584,0.05770652757874584,0.06092477987637415,0.05864337878273194
2024-04-02,0.05895353218523652,0.06003536110637368,0.06003536110637368,0.05962689768937963,0.05966442627630143
2024-04-03,0.07158778565789879,0.07234661026570963,0.07234661026570963,0.07534153322325593,0.07291985620821875
2024-04-04,0.10457850815936338,0.09783200732228918,0.09783200732228918,0.11740887878525631,0.10471832755046503
2024-04-05,0.10726618668715039,0.10449983589349805,0.10449983589349805,0.11261166283889255,0.10727051414214331
2024-04-08,0.07367568214450954,0.07343174885465216,0.07343174885465216,0.07527467517893568,0.07395746470515754
2024-04-09,0.09967964285421382,0.09743159641112195,0.09743159641112195,0.10466526316772637,0.09984573159623868
2024-04-10,0.138863746698113,0.1348895427103021,0.1348895427103021,0.14625503072079485,0.13880206376650814
2024-04-11,0.09681178728693893,0.09336083137474267,0.09336083137474267,0.1023527063895376,0.0965415562503017
2024-04-12,0.10864863682619694,0.10938432267620417,0.10938432267620417,0.1100717396988437,0.10937341342756103
2024-04-15,0.12788646811036988,0.12060892475688514,0.12060892475688514,0.1389588639924619,0.12723751419082754
2024-04-16,0.14690265271037226,0.14268489785471075,0.14268489785471075,0.155433343062914,0.1470185988750031
2024-04-17,0.13315460107555707,0.1277698620354789,0.1277698620354789,0.1426695111955928,0.1329802734445139
2024-04-18,0.1180912783563856,0.11767655611437947,0.11767655611437947,0.12243122434967904,0.11898581684121871
2024-04-19,0.14117176124172665,0.1410073929935713,0.1410073929935713,0.14166195241858337,0.14121237967404182
2024-04-22,0.09535077687017902,0.09511722876889779,0.09511722876889779,0.09737779742193704,0.09574547051668313
2024-04-23,0.085921654401698,0.0805572719086938,0.0805572719086938,0.09484326758924748,0.08566902038787547
2024-04-24,0.0912228912308003,0.09351356944725087,0.09351356944725087,0.09079976652723849,0.09227105291942737
2024-04-25,0.10393319618216965,0.10408638703084529,0.10408638703084529,0.1044613916870805,0.10414202268070374
2024-04-26,0.08215779679159457,0.08123846850264133,0.08123846850264133,0.0843023898455966,0.08224380529352528
2024-04-29,0.07520413329534584,0.07797071485627745,0.07797071485627745,0.07242986460455361,0.07592860413200014
2024-04-30,0.09185829145167773,0.09138067721120885,0.09138067721120885,0.09345442684390089,0.09202245913403652
2024-05-01,0.16862759807620598,0.16865468575463888,0.16865468575463888,0.17049028350396217,0.16910869999515388
2024-05-02,0.1082039633784156,0.10659319832240977,0.10659319832240977,0.11228558496135572,0.10844396034140456
2024-05-03,0.1059736458177057,0.10344008787402098,0.10344008787402098,0.10423874190885882,0.10427827252286137
2024-05-06,0.04966029273105382,0.04975463023009273,0.04975463023009273,0.04958561154409757,0.04968884181836656
2024-05-07,0.05831226317325262,0.057771444524235806,0.057771444524235806,0.06083347700475218,0.05868584063832624
2024-05-08,0.055206728548626106,0.05592319737961673,0.05592319737961673,0.0545948669211304,0.055414777770683085
2024-05-09,0.0551178988936277,0.056934294044635146,0.056934294044635146,0.053156337005489905,0.05555764263135031
2024-05-10,0.061943545099698405,0.06066457713681136,0.06066457713681136,0.06384603762319735,0.061793408099241
2024-05-13,0.048795203192108734,0.052013844663963686,0.052013844663963686,0.04547445815562888,0.049648208106036186
2024-05-14,0.05990502975054767,0.06053882079786535,0.06053882079786535,0.05995001907283801,0.06023395019305921
2024-05-15,0.05572782406907935,0.056494400773008276,0.056494400773008276,0.055384076095507453,0.05602727214899405
2024-05-16,0.059260212082877316,0.05893067269246189,0.05893067269246189,0.06190519595202015,0.05976971304502339
2024-05-17,0.05078526749342712,0.05276210933306774,0.05276210933306774,0.048233333471336674,0.051169517817459695
2024-05-20,0.047627743808887305,0.04970267716114797,0.04970267716114797,0.04676388519558032,0.04846641923249803
2024-05-21,0.039503330120110175,0.041867014399307054,0.041867014399307054,0.038901749045223005,0.04055722179458142
2024-05-22,0.06982786130445483,0.07154972904910946,0.07154972904910946,0.07045046019253608,0.07084829745607203
2024-05-23,0.09662398775244457,0.09684428300958524,0.09684428300958524,0.09803693068699504,0.09708896061215265
2024-05-24,0.06681602914178619,0.06339920821474992,0.06339920821474992,0.07359875027574152,0.0669329459178016
2024-05-28,0.06758226483433213,0.06894497788304275,0.06894497788304275,0.06788268333948164,0.06834149758399477
2024-05-29,0.067751073897734,0.06793365024827495,0.06793365024827495,0.06860796921918812,0.06805737125173725
2024-05-30,0.07230542874200137,0.07636006354021786,0.07636006354021786,0.06905944773512475,0.07358498650332364
2024-05-31,0.08910568896294575,0.0898554487025745,0.0898554487025745,0.09008854409560539,0.0897270484663196
2024-06-03,0.10025241941366195,0.09978587656490438,0.09978587656490438,0.10284303246066746,0.10067482213499479
2024-06-04,0.09626018670540841,0.09792719988017927,0.09792719988017927,0.0976995764103907,0.09745602050165375
2024-06-05,0.06416451975610436,0.06782038224889389,0.06782038224889389,0.05919000092593776,0.06484549001649263
2024-06-06,0.06270649793967938,0.06376592557030329,0.06376592557030329,0.06199821331283252,0.06306359858412262
2024-06-07,0.08905873398435578,0.08904365597241791,0.08904365597241791,0.08690005174928969,0.08851641434049691
2024-06-10,0.05948412018764275,0.06121688749425889,0.06121688749425889,0.05822479094912201,0.06004894142392601
2024-06-11,0.06506890192531746,0.06355303918770579,0.06355303918770579,0.06659374911735155,0.06470445695479463
2024-06-12,0.10743314134895073,0.10894628843951808,0.10894628843951808,0.10566491822069624,0.10775613942159326
2024-06-13,0.07163470818315604,0.06881358725564689,0.06881358725564689,0.07623980685958026,0.07143993831963512
2024-06-14,0.06661468585440435,0.06615872509161295,0.06615872509161295,0.07055070414917386,0.06739597918073538
2024-06-17,0.062098638283536005,0.05875170309589701,0.05875170309589701,0.06796658122161978,0.06200649617774203
2024-06-18,0.055210420533746654,0.055806815104478436,0.055806815104478436,0.05603882898194935,0.05571656421880347
2024-06-20,0.0836148590114265,0.08028017760602958,0.08028017760602958,0.09073597092942837,0.08383655959800311
2024-06-21,0.0758357368177489,0.0765346204948205,0.0765346204948205,0.07711154941970741,0.07650546761698024
2024-06-24,0.0768794539938594,0.0769617677292681,0.0769617677292681,0.07882721633211918,0.07741189809243197
2024-06-25,0.06364987241571668,0.06475791782914796,0.06475791782914796,0.0636194425707205,0.06419874526554155
2024-06-26,0.06759213564493943,0.06671674071740807,0.06671674071740807,0.07010937119997594,0.0677979861703274
2024-06-27,0.06895036396058707,0.06686382690955132,0.06686382690955132,0.07266685117164547,0.068877003868273
2024-06-28,0.08968829226543666,0.0873724541161721,0.0873724541161721,0.09376715434458009,0.08958816953138383
2024-07-01,0.08128714219888926,0.07692188425336229,0.07692188425336229,0.08921372146516789,0.08124136898573031
2024-07-02,0.06579493218578154,0.06501005362258871,0.06501005362258871,0.06923609282728889,0.06628578994653431
2024-07-03,0.047499981067629385,0.04851287050340981,0.04851287050340981,0.043801441390735496,0.04712168205373299
2024-07-05,0.054801205766209046,0.054720284186436055,0.054720284186436055,0.05683169472724916,0.05527574667494387
2024-07-08,0.04550288346387897,0.046377929976790674,0.046377929976790674,0.045300661941041216,0.04589250252952014
2024-07-09,0.048345508390377566,0.04884990311206453,0.04884990311206453,0.0492231866319806,0.04881812253622379
2024-07-10,0.04284182115892062,0.041982886444885965,0.041982886444885965,0.04524830699997,0.043034743042874246
2024-07-11,0.08941590681726366,0.08575668562872475,0.08575668562872475,0.09661025794790698,0.0894946431256678
2024-07-12,0.07336036356223932,0.07202222293525627,0.07202222293525627,0.07867700098091278,0.07407127415268012
2024-07-15,0.08417852616935911,0.08182527850439573,0.08182527850439573,0.08919165261114854,0.0843088482429293
2024-07-16,0.07434651957223574,0.07583336610904522,0.07583336610904522,0.07532101790529218,0.07533601320359865
2024-07-17,0.0867493939689951,0.08590948096117594,0.08590948096117594,0.08803319532618159,0.08665474405848024
2024-07-18,0.11237902817858547,0.10625007926428418,0.10625007926428418,0.12251501393064883,0.11204589829632734
2024-07-19,0.10520560489975765,0.10348491914064278,0.10348491914064278,0.1121306750358852,0.10613642702368724
2024-07-22,0.09288004840027826,0.0878520077391895,0.0878520077391895,0.1003702330083544,0.09238078478856224
2024-07-23,0.07908186570478745,0.07718269376203712,0.07718269376203712,0.0841660067376931,0.07945469559165187
2024-07-24,0.08647001456394501,0.08694878953469203,0.08694878953469203,0.08762329865493526,0.08699869235936421
2024-07-25,0.14027568440673518,0.13482022721534617,0.13482022721534617,0.15180026417245338,0.14060012017366819
2024-07-26,0.12816803931763782,0.12598346012155756,0.12598346012155756,0.13363918387832371,0.1284816545451063
2024-07-29,0.1035592859098841,0.10274935657218298,0.10274935657218298,0.10556061444941572,0.10366102157163333
2024-07-30,0.11216147457093531,0.10979488922937654,0.10979488922937654,0.11714354749524136,0.1122637992625835
2024-07-31,0.13188453265958006,0.12333586833792443,0.12333586833792443,0.14502855631077866,0.13119668911386845
2024-08-01,0.15295284873929357,0.1481532564918717,0.1481532564918717,0.16315115187829957,0.15322503639661325
2024-08-02,0.18537765116656854,0.1808848956809405,0.1808848956809405,0.1949521576314393,0.18561378470374781
2024-08-05,0.26773746531097237,0.2691553930480206,0.2691553930480206,0.3049398241904266,0.2781909856205361
2024-08-06,0.18706569452106067,0.18797641343501337,0.18797641343501337,0.18655493351897573,0.18739435777438604
2024-08-07,0.17682527561935088,0.1710085316017686,0.1710085316017686,0.18588204861727556,0.17628609549337745
2024-08-08,0.14936588935291914,0.14695676361377577,0.14695676361377577,0.15334862749425623,0.14917988403286062
2024-08-09,0.13518472159019895,0.1343479046245256,0.1343479046245256,0.13790328451094055,0.13545381480815358
2024-08-12,0.11962357692895668,0.11773825115374659,0.11773825115374659,0.12356314228591045,0.11968943338734166
2024-08-13,0.08580034197466437,0.08308954858675437,0.08308954858675437,0.09153562264905366,0.08594797127538924
2024-08-14,0.09572265460930228,0.0948727823034865,0.0948727823034865,0.09826392190319624,0.09594310110328244
2024-08-15,0.07736706691375504,0.07933519287263062,0.07933519287263062,0.075344608885133,0.07786305090857619
2024-08-16,0.07603360647556737,0.07618640642824577,0.07618640642824577,0.07597479076415396,0.0760953599016361
2024-08-19,0.06403659890204785,0.062275925011076004,0.062275925011076004,0.0681993221516464,0.06424253889140771
2024-08-20,0.06824085309778681,0.06689355565273943,0.06689355565273943,0.06993454271616695,0.06800211370274713
2024-08-21,0.0916837343618181,0.0877513837628154,0.0877513837628154,0.10037546421705956,0.09203498202843367
2024-08-22,0.11165279769437424,0.10476137831741894,0.10476137831741894,0.12234483916419645,0.11111311767409003
2024-08-23,0.13508172378692565,0.12904856378046944,0.12904856378046944,0.1458034300882328,0.13491921282228975
2024-08-26,0.08408829332212735,0.08561166732033407,0.08561166732033407,0.08375147065352884,0.08477007885037052
2024-08-27,0.07760819214291537,0.08405426812718482,0.08405426812718482,0.06850302780899999,0.07881296893196837
2024-08-28,0.09615503386767442,0.09840304919679868,0.09840304919679868,0.09282367440766716,0.09647324143394552
2024-08-29,0.12473869205677379,0.12600655337841002,0.12600655337841002,0.1234888897278963,0.12506453351257837
2024-08-30,0.10108043408875166,0.1005238990396076,0.1005238990396076,0.10496022186976921,0.10178901081007233
2024-09-03,0.10911938939161991,0.11212943377552963,0.11212943377552963,0.10674102450947863,0.11005306366950315
2024-09-04,0.13009388153504212,0.1236758154482158,0.1236758154482158,0.14188539802527164,0.13004547170048406
2024-09-05,0.11656038854650647,0.11598648754333689,0.11598648754333689,0.12035328737329594,0.11723583981120385
2024-09-06,0.15442481813425593,0.1493619646871775,0.1493619646871775,0.16047912635938089,0.15347521578686205
2024-09-09,0.09314264876521616,0.09521659961848863,0.09521659961848863,0.09189532905929874,0.09387852018397547
2024-09-10,0.09968822226130057,0.1011582298349219,0.1011582298349219,0.09952676062152081,0.10038587134664635
2024-09-11,0.13814091055597147,0.12993985266814365,0.12993985266814365,0.14971866516146673,0.13717445142026452
2024-09-12,0.11580639187393807,0.112996319938505,0.112996319938505,0.12069121279860733,0.11566527772515484
2024-09-13,0.09023520826772341,0.09177384646261351,0.09177384646261351,0.08789766407489594,0.09043405048712208
2024-09-16,0.0776723415766223,0.0757865551628678,0.0757865551628678,0.083059875581163,0.07813312272087711
2024-09-17,0.10005531737554522,0.10378620747708481,0.10378620747708481,0.09849265143660323,0.10155666232095052
2024-09-18,0.19351167428689295,0.17993842666349902,0.17993842666349902,0.21361655796090656,0.19224624619264527
2024-09-19,0.09539197950437195,0.0950838478186402,0.0950838478186402,0.09755124841106017,0.09578328671056807
2024-09-20,0.08353853091850515,0.08436213055157492,0.08436213055157492,0.08441145332858743,0.08416934974126311
2024-09-23,0.07642510519644206,0.07995005462683634,0.07995005462683634,0.07341578005182542,0.07748337875727522
2024-09-24,0.07122189041857341,0.07338151323723965,0.07338151323723965,0.06889859353892679,0.07174480266265265
2024-09-25,0.06525616356589511,0.07017698500862866,0.07017698500862866,0.05692324188206889,0.06585636036007829
2024-09-26,0.07516075566224378,0.07620847646175404,0.07620847646175404,0.07414973244688589,0.07543670489706537
2024-09-27,0.06954785202095863,0.0727825086646232,0.0727825086646232,0.06519604325764254,0.07014630231204896
2024-09-30,0.07906546118302427,0.07994122233690522,0.07994122233690522,0.0794638711653685,0.07960378764560709
2024-10-01,0.13733722228447137,0.14063690245435706,0.14063690245435706,0.1313688720978118,0.13754705544374463
2024-10-02,0.08769757786666699,0.08851897904396856,0.08851897904396856,0.08657346363593371,0.08783087309080952
2024-10-03,0.11616265293223244,0.11108851616407642,0.11108851616407642,0.12791847501697973,0.11676709193304045
2024-10-04,0.10422669692203666,0.1023487361781689,0.1023487361781689,0.10862721153628278,0.1044193504959249
2024-10-07,0.09166070682849549,0.09905721370207421,0.09905721370207421,0.08422228799056074,0.09370131021429363
2024-10-08,0.07289488808217587,0.07301806976389602,0.07301806976389602,0.07367934836611402,0.07315324344869903
2024-10-09,0.0636556765254054,0.06627077524288226,0.06627077524288226,0.06151009405331711,0.06445767628246499
2024-10-10,0.07730732344589195,0.07868565713176769,0.07868565713176769,0.076788793678592,0.07787137851851816
2024-10-11,0.061923551896806726,0.06298439840267986,0.06298439840267986,0.06290050794173539,0.06269981870615703
2024-10-14,0.04931338344868574,0.05054191000960351,0.05054191000960351,0.0490780695060099,0.04987342987110364
2024-10-15,0.07337696444606708,0.07441789922106004,0.07441789922106004,0.07500156385840245,0.07430588964119383
2024-10-16,0.054200196744782464,0.054237529298378176,0.054237529298378176,0.055805863047456675,0.05462457058510731
2024-10-17,0.07382037311890804,0.07118374127837389,0.07118374127837389,0.08194369063892548,0.07466335441117629
2024-10-18,0.05139407940648699,0.05263772919336124,0.05263772919336124,0.05934939542081837,0.05409520127544636
2024-10-21,0.0624831344053794,0.06248613595903066,0.06248613595903066,0.06483887325256707,0.06308180392150357
2024-10-22,0.0618321632808694,0.06389476880160787,0.06389476880160787,0.059235584569311155,0.06224378253223761
2024-10-23,0.07519866451548417,0.07482491304561903,0.07482491304561903,0.0776092983556675,0.0756233719837
2024-10-24,0.07316053969529057,0.07463088398067508,0.07463088398067508,0.07255282715860198,0.07374943217524818
2024-10-25,0.0820721820006806,0.0800166381132895,0.0800166381132895,0.08645985701695301,0.08218344523632948
2024-10-28,0.06776484398727746,0.06612355856791077,0.06612355856791077,0.06906744241072217,0.06728119290921188
2024-10-29,0.07077345733116548,0.07109634454996912,0.07109634454996912,0.07207085016711641,0.0712609116612205
2024-10-30,0.07272196269007045,0.07360049937142407,0.07360049937142407,0.07334474572092514,0.073317805814497
2024-10-31,0.0940918206844392,0.0898640860499755,0.0898640860499755,0.10328031357824442,0.09443410641252445
2024-11-01,0.09313280253182697,0.08995519913009377,0.08995519913009377,0.10048762851274846,0.09348176037684845
2024-11-04,0.0809954768604318,0.07880103137454855,0.07880103137454855,0.08642134243198576,0.08131439108635762
2024-11-05,0.0743288225087141,0.07383715804346178,0.07383715804346178,0.07797039074304034,0.07501334465284264
2024-11-06,0.09357242087147861,0.09504215797638861,0.09504215797638861,0.08638718107631871,0.09258046039483632
2024-11-07,0.059803891560857365,0.06059181472806368,0.06059181472806368,0.05903980746725622,0.06001029148336446
2024-11-08,0.04653676739826487,0.04618330068315661,0.04618330068315661,0.047088746605399134,0.04649950349393369
2024-11-11,0.05152100093590697,0.049464986150887916,0.049464986150887916,0.05593365199158321,0.051663712294918215
2024-11-12,0.05968614591334031,0.05710060355295262,0.05710060355295262,0.06528491006151592,0.05988637855963513
2024-11-13,0.07190404511582889,0.0681449658096232,0.0681449658096232,0.07945879075379701,0.0720613694403324
2024-11-14,0.07633763180793517,0.0731364839857921,0.0731364839857921,0.08157420394347371,0.07612436429728554
2024-11-15,0.0858887215402881,0.08561688203876766,0.08561688203876766,0.08926250415548666,0.08660999959013672
2024-11-18,0.061076180687887956,0.05820169722109557,0.05820169722109557,0.06455550975137535,0.06056523096115383
2024-11-19,0.08058791605009738,0.07826166497489899,0.07826166497489899,0.08665616841270858,0.08101462853484535
2024-11-20,0.08888532703720589,0.08322361919612327,0.08322361919612327,0.09788452232895058,0.08850751755964087
2024-11-21,0.11722510907636524,0.11427505259565082,0.11427505259565082,0.12243289594061348,0.11709944011165077
2024-11-22,0.08872009731370646,0.08512393140557178,0.08512393140557178,0.0954130492701661,0.08869480401109424
2024-11-25,0.07772630729240279,0.07853657482025884,0.07853657482025884,0.07742189754639953,0.0780568962904535
2024-11-26,0.06006438188000341,0.06008536358605664,0.06008536358605664,0.059863620534076095,0.06002475503617649
2024-11-27,0.056358152102414266,0.05529236819560466,0.05529236819560466,0.05795134896762424,0.05623409134351433
2024-11-29,0.0350100959563009,0.036531177357002426,0.036531177357002426,0.03353673585380985,0.035424120697538655
2024-12-02,0.04353810060575203,0.04534982800774339,0.04534982800774339,0.04087184533498513,0.043815772691199184
2024-12-03,0.042119652165500544,0.04293001504810571,0.04293001504810571,0.04241810542220285,0.042600860173865725
2024-12-04,0.041653672611423775,0.042334174816478866,0.042334174816478866,0.04081140834174506,0.04178804915176324
2024-12-05,0.03859532063657925,0.03697404140159202,0.03697404140159202,0.04177655108688904,0.03862977630950344
2024-12-06,0.04549573091856219,0.04432127591710888,0.04432127591710888,0.04775677006293894,0.0454953888226588
2024-12-09,0.04834931396799572,0.04591849740490234,0.04591849740490234,0.05189786844896021,0.04808342156754616
2024-12-10,0.04393810523823496,0.04111218856011945,0.04111218856011945,0.04696783946575136,0.04335019934329147
2024-12-11,0.03680199257764147,0.03578568139987823,0.03578568139987823,0.038603744149912585,0.03676229626459652
2024-12-12,0.05032451595445541,0.048195667053805,0.048195667053805,0.05428879787254188,0.05031270993998036
2024-12-13,0.06179052097973356,0.059517734953743344,0.059517734953743344,0.06758166077459933,0.062189369879522005
2024-12-16,0.04259059713679345,0.04366562019781861,0.04366562019781861,0.04220581109054536,0.04303679306360933
2024-12-17,0.053131069674410815,0.05424035358423895,0.05424035358423895,0.051410488933458065,0.053268144446307765
2024-12-18,0.09289137748906694,0.08613428315593633,0.08613428315593633,0.10405522025559819,0.09259390685114142
2024-12-19,0.13291760425527227,0.12415144703010536,0.12415144703010536,0.14922401129925275,0.1330056941154577
2024-12-20,0.12888829278133565,0.12213174846484488,0.12213174846484488,0.13987793229906112,0.1284624029886841
2024-12-23,0.10327450500217435,0.09898732359483253,0.09898732359483253,0.10842832201211076,0.10249305447534274
2024-12-24,0.052932396027248974,0.051672362319034375,0.051672362319034375,0.055714045957836175,0.05302348423443269
2024-12-26,0.06773668302093068,0.06585382685681077,0.06585382685681077,0.07123205225205714,0.06770472014212055
2024-12-27,0.1072579985120825,0.10025039810843012,0.10025039810843012,0.11920673017776605,0.10702196901371473
2024-12-30,0.11477157434542792,0.11376009287134278,0.11376009287134278,0.11923612994614667,0.11540416632693068
2024-12-31,0.11403553699636047,0.1114211325795641,0.1114211325795641,0.12074382534221904,0.11446889602305314
2025-01-02,0.1611539637642536,0.15962459656795153,0.15962459656795153,0.16584039685413476,0.1615809866016341
2025-01-03,0.10070455175661631,0.10225515279660352,0.10225515279660352,0.10057479647513515,0.10145063944774983
2025-01-06,0.09119085021036175,0.0961793675517597,0.0961793675517597,0.08453715177457811,0.09214559495380077
2025-01-07,0.11796642367686301,0.11515691328268544,0.11515691328268544,0.12546940821035318,0.11851252978626065
2025-01-08,0.1277702571461941,0.12525590258635977,0.12525590258635977,0.13080332072473774,0.12729181983661644
2025-01-10,0.13698711817675366,0.13549925598522372,0.13549925598522372,0.13782729800447224,0.13645689004836276
2025-01-13,0.11048962140360936,0.10835361728976652,0.10835361728976652,0.11448880693658604,0.11044982583873796
2025-01-14,0.10811002461894115,0.10766169534083403,0.10766169534083403,0.10996164834429328,0.10835292199224164
2025-01-15,0.08677445133055511,0.0830404376441128,0.0830404376441128,0.09388565539995535,0.08679825784808358
2025-01-16,0.09477753144471861,0.0943407960009009,0.0943407960009009,0.0961797222054723,0.09491271122779556
2025-01-17,0.07105404170879474,0.07208797077187068,0.07208797077187068,0.07011441137681544,0.07134083435502526
2025-01-21,0.07709768121893305,0.07458804462651922,0.07458804462651922,0.08122001185967802,0.07692121875373158
2025-01-22,0.04627194999319785,0.047797180330948395,0.047797180330948395,0.043480713263825535,0.04637026708269647
2025-01-23,0.045484028468032664,0.04611946921377992,0.04611946921377992,0.04472024980720357,0.04561443979054518
2025-01-24,0.05496713861308195,0.055555625682337524,0.055555625682337524,0.05414696366284041,0.05505936589520152
2025-01-27,0.11871179811068706,0.1166319808833261,0.1166319808833261,0.1131708025498075,0.11630365373664872
2025-01-28,0.08148741544652062,0.0782639266581399,0.0782639266581399,0.0881055281782947,0.08162914216692396
2025-01-29,0.11371229392118654,0.10852407715099102,0.10852407715099102,0.12444677846408424,0.11398732067850319
2025-01-30,0.08401477829356688,0.08135756625737159,0.08135756625737159,0.09000071305409554,0.08425662955608901
2025-01-31,0.09911483947763673,0.09854164298350054,0.09854164298350054,0.10367014099011988,0.09999019994650024
2025-02-03,0.16733777522259288,0.16462101437803645,0.16462101437803645,0.17389906300717514,0.16766258667404593
2025-02-04,0.07525737649716652,0.07686252226280432,0.07686252226280432,0.0752857752600273,0.07607120896065046
2025-02-05,0.06831324558628259,0.06567857761490754,0.06567857761490754,0.07348221994662951,0.06836242989729714
2025-02-06,0.0662916211408194,0.061681544694072075,0.061681544694072075,0.07383943398329018,0.06606070495412578
2025-02-07,0.14563801250368758,0.14745202258580892,0.14745202258580892,0.14997322891372986,0.147636883946836
2025-02-10,0.05351659083761116,0.051806964508345425,0.051806964508345425,0.0551955249137195,0.05310012855097255
2025-02-11,0.05519056838049151,0.05798887835156791,0.05798887835156791,0.0494887869901253,0.055273318384328946
2025-02-12,0.08585703707704502,0.08714545308759271,0.08714545308759271,0.08459729852762811,0.08619279801918685
2025-02-13,0.08015684021690897,0.08240979560673124,0.08240979560673124,0.07824383965449266,0.08082383049157513
2025-02-14,0.04766900623791719,0.04848643308935322,0.04848643308935322,0.047148988307527555,0.047951093943701145
2025-02-18,0.05698594847582285,0.057404578744875964,0.057404578744875964,0.057506672376487634,0.05732579483369409
2025-02-19,0.04686546818161075,0.04725643866471392,0.04725643866471392,0.047919456351021614,0.047325966433351296
2025-02-20,0.07217118786777103,0.07285400761714346,0.07285400761714346,0.07175641590673754,0.07241042126963389
2025-02-21,0.09020335662221374,0.08994477202427881,0.08994477202427881,0.09136339927681907,0.09036597852943427
2025-02-24,0.09867775462626721,0.0962186004193937,0.0962186004193937,0.10363025348160955,0.09873267800996581
2025-02-25,0.12846483342154916,0.12572123639602847,0.12572123639602847,0.1337495120525877,0.12845602745903345
2025-02-26,0.11105681684380074,0.10747341695045881,0.10747341695045881,0.11595988891767096,0.11054567280912721
2025-02-27,0.14193791761435293,0.14196248008516402,0.14196248008516402,0.14374554576000254,0.14240421858779412
2025-02-28,0.16110008279733828,0.1527702139018318,0.1527702139018318,0.17328436614450213,0.16020157984445255
2025-03-03,0.1648499171467337,0.1644721165773774,0.1644721165773774,0.165516145808387,0.1648281256107654
2025-03-04,0.19280915322360367,0.19512108039697335,0.19512108039697335,0.18919219312801813,0.19307610386707405
2025-03-05,0.20346879290769534,0.1935497159669385,0.1935497159669385,0.21604109094570279,0.20186399367277535
2025-03-06,0.1822278528573285,0.17714986199031463,0.17714986199031463,0.1913746339929289,0.18206824826098503
2025-03-07,0.20612951685005232,0.2074449343808382,0.2074449343808382,0.20628173978520006,0.2068262165963164
2025-03-10,0.19426507252302486,0.19704810425597058,0.19704810425597058,0.1926429078049886,0.19526015921820888
2025-03-11,0.25279589930042673,0.2501555786065565,0.2501555786065565,0.25753023565650174,0.2526772724229303
2025-03-12,0.18525350739369192,0.186322301323153,0.186322301323153,0.18970936729474092,0.18690940718817983
2025-03-13,0.18418193108950354,0.18690896448610905,0.18690896448610905,0.17992240910761803,0.1845026958132908
2025-03-14,0.14281542437099798,0.14222204283878676,0.14222204283878676,0.1453409515481026,0.14315590851729765
2025-03-17,0.1251121079915975,0.12890549578628988,0.12890549578628988,0.12136230744478085,0.12611017298600563
2025-03-18,0.13595797405543436,0.13780553659000785,0.13780553659000785,0.13433621044248073,0.13648399171242082
2025-03-19,0.14089938025894186,0.14078480044975203,0.14078480044975203,0.14292236723172816,0.1413507680274747
2025-03-20,0.1268955440625829,0.1268588257130247,0.1268588257130247,0.12886415967558076,0.12737226353724704
2025-03-21,0.12798786496263573,0.1288005495963126,0.1288005495963126,0.12728998509834208,0.12822129019458353
2025-03-24,0.07745737547918631,0.07923813122898081,0.07923813122898081,0.07629043239705567,0.07806605852221525
2025-03-25,0.07166988463082417,0.07125165497884442,0.07125165497884442,0.07250911016299623,0.07167241466225646
2025-03-26,0.10288092884581797,0.10228859493528648,0.10228859493528648,0.10552118214529503,0.10325347295513723
2025-03-27,0.12371891564672637,0.11946912699155209,0.11946912699155209,0.13062745110857826,0.12340547564854344
2025-03-28,0.122623930783264,0.12076155146323048,0.12076155146323048,0.12671333280988045,0.12273915607512867
2025-03-31,0.16053944077685772,0.15323278406582802,0.15323278406582802,0.17486276138680565,0.16070973025138716
2025-04-01,0.15336725083056787,0.15261341056637373,0.15261341056637373,0.15700260918535472,0.15390990797195014
2025-04-02,0.15045746392014472,0.14644514649935877,0.14644514649935877,0.1574577560112358,0.15026872199813643
2025-04-03,0.21215800506301874,0.21339386407510672,0.21339386407510672,0.20957839934279057,0.2121367524930654
2025-04-04,0.3863423113714442,0.3783114253713742,0.3783114253713742,0.4042643915360573,0.38695256458411353
2025-04-07,0.7675415911667529,0.6926798074690371,0.6926798074690371,0.8868652244436913,0.7640779822519811
2025-04-08,0.415306639565098,0.42199680279178237,0.42199680279178237,0.4105826671533981,0.41749860316132353
2025-04-09,0.7152574986144346,0.6363176089587455,0.6363176089587455,0.8494846205809701,0.714670834872552
2025-04-10,0.4974225046372143,0.4901871622492276,0.4901871622492276,0.5150690323928214,0.49832021941657606
2025-04-11,0.35553911911463404,0.3583167957613786,0.3583167957613786,0.35641223407112943,0.35714828785316416
2025-04-14,0.24529580218022864,0.24871779837252972,0.24871779837252972,0.24309698264497562,0.2464686896914546
2025-04-15,0.19248064746818647,0.19635602700663543,0.19635602700663543,0.1909389350373906,0.19404758130845526
2025-04-16,0.20050220047526263,0.20361200673161614,0.20361200673161614,0.1997490128428814,0.2018765087235755
2025-04-17,0.21356178017791555,0.2143927251247854,0.2143927251247854,0.21871307020936212,0.21527454691975853
2025-04-21,0.14649521232369667,0.15195694115645525,0.15195694115645525,0.14445358603175226,0.14875273920372914
2025-04-22,0.17324586209881507,0.1722601708611377,0.1722601708611377,0.1779136060675605,0.17393570140179782
2025-04-23,0.26638527893547564,0.2666166772262773,0.2666166772262773,0.2696958923044476,0.2673321418712054
2025-04-24,0.1376381828069267,0.13773669530454533,0.13773669530454533,0.13839414699122915,0.13787675996579085
2025-04-25,0.16009240792655954,0.15822115578868892,0.15822115578868892,0.16531874010456077,0.1604896672559486
2025-04-28,0.13870689434795147,0.13882292331446996,0.13882292331446996,0.13968989371108237,0.13901121988873566
2025-04-29,0.13432549351980927,0.1367407844919974,0.1367407844919974,0.13048231293911133,0.13459667203004524
2025-04-30,0.18492851725432208,0.18031224280966146,0.18031224280966146,0.19011626057873163,0.18396178872555496
2025-05-01,0.14170714430831205,0.1457854113730163,0.1457854113730163,0.14037138598304236,0.14343274825612196
2025-05-02,0.12226177911946887,0.12525745420683906,0.12525745420683906,0.12182472930317745,0.12366089415414137
2025-05-05,0.09781505374325927,0.0978789237539431,0.0978789237539431,0.09903488513106504,0.09815327381470824
2025-05-06,0.12167023131036532,0.1228456197747438,0.1228456197747438,0.12262199305391812,0.12249682747250518
2025-05-07,0.1835494802891249,0.1786751782337474,0.1786751782337474,0.1972197410542229,0.18468600150635767
2025-05-08,0.13672576686513876,0.14007148569451786,0.14007148569451786,0.13226516993996845,0.13732084029149402
2025-05-09,0.11143130493437144,0.1136935054982219,0.1136935054982219,0.10903658816877647,0.11198028806871844
2025-05-12,0.10827295207720516,0.11044694879231086,0.11044694879231086,0.10258621049901825,0.10798613305781943
2025-05-13,0.08205847016753577,0.07927602112238406,0.07927602112238406,0.08725712100597362,0.08203165965418603
2025-05-14,0.09778501215126316,0.0969266722355641,0.0969266722355641,0.09930848161288851,0.09774155040590599
2025-05-15,0.094450330992422,0.095065230920289,0.095065230920289,0.09587578949628034,0.09511549334357794
2025-05-16,0.07566778633581094,0.0758626843228051,0.0758626843228051,0.07493411547928261,0.07558278457583373
2025-05-19,0.08606000088280995,0.08899242062676148,0.08899242062676148,0.08133118031393946,0.08640079065209512
2025-05-20,0.08892259051472509,0.09219528215650194,0.09219528215650194,0.08361982960245697,0.08930207599830396
2025-05-21,0.14424518972135292,0.14427133265512515,0.14427133265512515,0.14796785074093657,0.14519779135959052
2025-05-22,0.12174495651204205,0.12158866839992301,0.12158866839992301,0.12286439029041107,0.12194783864842208
2025-05-23,0.13422027949566448,0.13584838991618567,0.13584838991618567,0.13045480305292328,0.1341110632583227
2025-05-27,0.07055875209952212,0.0715103289299811,0.0715103289299811,0.07063072921028103,0.07105401412651866
2025-05-28,0.08198830676928068,0.08738183941961745,0.08738183941961745,0.07836828250849656,0.08386721926792498
2025-05-29,0.12229170619618562,0.11791694359640412,0.11791694359640412,0.12890873173904782,0.12184163255757356
2025-05-30,0.13153765103246665,0.1328029492169483,0.1328029492169483,0.13172177610484173,0.13221764876595685
2025-06-02,0.10288610817355978,0.10468779911784626,0.10468779911784626,0.10728179453473861,0.1048975753556444
2025-06-03,0.07260602652241818,0.07391956371003446,0.07391956371003446,0.07430148564053136,0.07368946609578582
2025-06-04,0.07459334814282093,0.07785904700133046,0.07785904700133046,0.07328280168632252,0.0759252905988244
2025-06-05,0.13888496833784977,0.14162983021471132,0.14162983021471132,0.1348382072854339,0.13927346677261526
2025-06-06,0.1477593123923567,0.08134181219118909,0.08134181219118909,0.0920418280081899,0.10432820007414656
2025-06-09,0.05644898855140764,0.05896912535170319,0.05896912535170319,0.05801696163080404,0.05811017904557881
2025-06-10,0.07254878492818333,0.07816926734202695,0.07816926734202695,0.06737339848588743,0.07420136409068323
2025-06-11,0.10022530857624168,0.10156686986974596,0.10156686986974596,0.10398741384735105,0.10184565875399272
2025-06-12,0.07738402973138504,0.0823619490673351,0.0823619490673351,0.07681008724718003,0.07977320801611262
2025-06-13,0.12165758474688138,0.12964927507050397,0.12964927507050397,0.119549277916322,0.1252102899419343
2025-06-16,0.07851120842715134,0.08580941037725981,0.08580941037725981,0.07297214787614621,0.08095593559606318
2025-06-17,0.09389568736609198,0.10613506191388769,0.10613506191388769,0.08048330593368914,0.09724102191834504
2025-06-18,0.10736150844420578,0.1073391210867366,0.1073391210867366,0.11096346138156028,0.10826213221683112
2025-06-20,0.09887649638757297,0.10374629578334454,0.10374629578334454,0.09841558804543969,0.10122842644946854
