Date,RV_Parkinson,RV_GarmanKlass,RV_RogersSatchell,RV_CloseToClose,average,zGen3lastm,zGen1,zGen3tf,zGen2,zGen4,ensemble
2024-01-16,0.0948520572678669,0.0944938722966856,0.0944938722966856,0.0963235723285407,0.095043841406641,0.09538478,0.110902,0.1047195,0.113656,0.1330181,0.0995871606
2024-01-17,0.0694900246552892,0.0712135488364941,0.0712135488364941,0.0693052121915707,0.0703114767290639,0.08872493,0.11285,0.10781031,0.123521,0.13963742,0.0967280261
2024-01-18,0.0789323323190612,0.0778556008334407,0.0778556008334407,0.0810635116051296,0.0789376259482033,0.0875446,0.114697,0.10678573,0.116805,0.13966185,0.094274492
2024-01-19,0.0750105049015322,0.0739645229390671,0.0739645229390671,0.0779210338791225,0.075232580498049,0.0846579599999999,0.112971,0.09989371,0.111468,0.13789973,0.09082426919999992
2024-01-22,0.067921647381961,0.071507081428281,0.071507081428281,0.0652901884865555,0.0691062303350266,0.07633959,0.112782,0.0973265999999999,0.11146,0.14250626,0.0844172843
2024-01-23,0.0480851158297716,0.0490575243329746,0.0490575243329746,0.0471710929295754,0.04834917724195,0.08509812,0.110119,0.09226074,0.106982,0.14159537,0.0901314124
2024-01-24,0.0677920986686095,0.0669935035705816,0.0669935035705816,0.070363926093364,0.0680498159043982,0.0965396,0.114717,0.09445162,0.117084,0.13693022,0.10126481200000001
2024-01-25,0.0749669404424489,0.075798637367602,0.075798637367602,0.0712921130712628,0.0744873720825179,0.08299126,0.110104,0.09363864,0.112164,0.14253573,0.0897009902
2024-01-26,0.0637742426091719,0.0643249976983131,0.0643249976983131,0.0641016753524937,0.0641318747994045,0.07654735,0.1079209999999999,0.09109837,0.105293,0.15022276,0.0831588495
2024-01-29,0.0484263834192199,0.0438268860613269,0.0438268860613269,0.0559935313609624,0.0482752059783318,0.08014466,0.106643,0.09205571,0.103638,0.14042262,0.0855481282
2024-01-30,0.052005762016226,0.0519296380950803,0.0519296380950803,0.0510176465314884,0.0517222731660942,0.08532732,0.10751,0.08738381,0.102173,0.15028733,0.08920182639999999
2024-01-31,0.1019236621291038,0.1044502030608193,0.1044502030608193,0.0976211605810472,0.1021494171959526,0.13035728,0.112883,0.0912280999999999,0.125881,0.13757393,0.1293277356
2024-02-01,0.082099078722151,0.0797398515651532,0.0797398515651532,0.0871892205144028,0.0822482625290656,0.08317526,0.111894,0.09119377,0.1232119999999999,0.13909264,0.09238371019999998
2024-02-02,0.0919125456764729,0.0902459158515269,0.0902459158515269,0.0965548520405617,0.0922759532070331,0.09566277,0.1133189999999999,0.0973741,0.113637,0.14336012,0.0997968429
2024-02-05,0.0667036656892765,0.0671799876251181,0.0671799876251181,0.0659789479191629,0.0667624558781514,0.09138323,0.114176,0.11034394,0.111328,0.14043549,0.09597052710000001
2024-02-06,0.0735992191527541,0.0725550505567125,0.0725550505567125,0.0752924454314908,0.0735089588443533,0.09266581,0.113,0.10884924,0.111262,0.13860064,0.09694293370000001
2024-02-07,0.0692553189265433,0.0656512504749116,0.0656512504749116,0.0750642391012247,0.0690128838864567,0.0912140999999999,0.115964,0.09796274,0.115816,0.14071886,0.09687253699999991
2024-02-08,0.0490340960538582,0.0491063740163191,0.0491063740163191,0.0493727417926915,0.0491550662343365,0.08222016,0.111296,0.09418499,0.106805,0.14082115,0.0878746732
2024-02-09,0.0449969443189591,0.0472413847070412,0.0472413847070412,0.0423192508191222,0.0454948921473956,0.0711336499999999,0.108697,0.09015129,0.102838,0.14363958,0.07842565049999992
2024-02-12,0.0509257864757745,0.0509817357991157,0.0509817357991157,0.0515630215327218,0.0511137351597929,0.07779587,0.107605,0.08727291,0.1016649999999999,0.1479605199999999,0.08328576989999997
2024-02-13,0.0740450102157988,0.07362789267483,0.07362789267483,0.0749135780954874,0.0740554536823572,0.09059263,0.129044,0.08501424,0.197758,0.14522829,0.1152406651
2024-02-14,0.0792438494961826,0.0782885067432401,0.0782885067432401,0.0831255460967514,0.0797615582110666,0.0932062,0.132493,0.08717738,0.133518,0.1317847899999999,0.102477914
2024-02-15,0.065106099557229,0.0652155370973486,0.0652155370973486,0.0662790513454683,0.0654558045642294,0.08572186,0.1273659999999999,0.0881587799999999,0.113012,0.14509033,0.0919985922
2024-02-16,0.0741197292779209,0.0731707514131956,0.0731707514131956,0.0808985809583621,0.0754092706403734,0.0848739999999999,0.126633,0.08907733,0.114021,0.14279941,0.09157780999999993
2024-02-20,0.0747916745844388,0.07292058923408,0.07292058923408,0.0778325902900284,0.0746433710500987,0.10324494,0.129977,0.09882609,0.117223,0.1417767,0.1064598938
2024-02-21,0.0707225775544802,0.0705965004444675,0.0705965004444675,0.0722738823339365,0.0710509127203524,0.1015412099999999,0.121915,0.10312215,0.116285,0.12990874,0.10493228169999991
2024-02-22,0.0677781493111841,0.0666360270759001,0.0666360270759001,0.0702853039223466,0.0678502425943084,0.08096851,0.153046,0.09117723,0.183159,0.16000835,0.10447232270000001
2024-02-23,0.0689773220456623,0.065149397187278,0.065149397187278,0.0753455680317451,0.0687817444645539,0.07501283,0.137971,0.08880514,0.12232,0.14001004,0.0858934791
2024-02-26,0.0556367302958138,0.0557585453060941,0.0557585453060941,0.0573779336911353,0.0561375626964177,0.07970406,0.135241,0.0860466199999999,0.112112,0.14944865,0.08715788619999999
2024-02-27,0.0524001704961283,0.0553236013393822,0.0553236013393822,0.0488758837954197,0.0530472233371466,0.0838845199999999,0.133183,0.08129315,0.1082799999999999,0.14904494,0.08949548039999991
2024-02-28,0.0507758409576678,0.051980688230146,0.051980688230146,0.0499967058329181,0.0511904300549942,0.09229595,0.132894,0.07931305,0.1101169999999999,0.14039624,0.09639479149999998
2024-02-29,0.0645334410726626,0.0632466615005574,0.0632466615005574,0.067522345301785,0.0646608701489248,0.07756288,0.124072,0.0879089399999999,0.119444,0.13463903,0.0871955376
2024-03-01,0.0629018038927911,0.0660764059392625,0.0660764059392625,0.060860993295805,0.0640173419504816,0.07470502,0.122867,0.08858951,0.109702,0.14448468,0.0827543254
2024-03-04,0.0419190001130959,0.0410253908148955,0.0410253908148955,0.0439962843624546,0.0420090495941455,0.08083287,0.120387,0.08694549,0.105656,0.14352444,0.0865421899
2024-03-05,0.0718237464881269,0.0696058496734662,0.0696058496734662,0.0774748798992204,0.0721993008839416,0.1050957,0.127416,0.08550568,0.11491,0.13808495,0.10735298900000001
2024-03-06,0.0998155756972158,0.0934256082592419,0.0934256082592419,0.1120633224020603,0.0999725286475907,0.12499509,0.137423,0.08769792,0.133526,0.13258157,0.12695719930000002
2024-03-07,0.0626982502692902,0.0633254675831098,0.0633254675831098,0.0633240879666085,0.0631689013535781,0.08134671,0.135908,0.0887858899999999,0.123535,0.13927886,0.09105001670000001
2024-03-08,0.1058178406062964,0.1107990622943413,0.1107990622943413,0.0980485090284594,0.106493884711628,0.1183104,0.135588,0.10057118,0.118215,0.13734748,0.118288458
2024-03-11,0.0867175374155922,0.0876276350909895,0.0876276350909895,0.0855261079935007,0.0868790125795923,0.11191495,0.139091,0.10854544,0.115797,0.13953498,0.11280782149999999
2024-03-12,0.0894002291556279,0.0839835213402864,0.0839835213402864,0.099561517701134,0.0894585944633894,0.12231111,0.139254,0.10372179,0.123301,0.1427853,0.1225387847
2024-03-13,0.0699595779423019,0.0672354058288386,0.0672354058288386,0.075146933909863,0.0699689284894652,0.10422413,0.13373,0.10746816,0.1150699999999999,0.14121054,0.10671868009999998
2024-03-14,0.0952458906195366,0.0913027596525896,0.0913027596525896,0.1016687568564533,0.0949746066601521,0.09773355,0.134853,0.11750899,0.116439,0.12853317,0.10203580350000001
2024-03-15,0.0945968503454697,0.0914861002975935,0.0914861002975935,0.0990070989884602,0.0941944568973098,0.07957758,0.138701,0.10763923,0.139931,0.13862909,0.0934588666
2024-03-18,0.0643635422764406,0.0647353395719183,0.0647353395719183,0.0652540546871078,0.0647728446311847,0.07211199,0.136571,0.0908010799999999,0.133507,0.13850134,0.0862328423
2024-03-19,0.0674227197751683,0.066093366614928,0.066093366614928,0.0699508322881299,0.0674084718352847,0.09153916,0.131233,0.0885601999999999,0.116498,0.14439172,0.0972796932
2024-03-20,0.103190984427218,0.0998569011861237,0.0998569011861237,0.1117930024064724,0.1037892770028562,0.1291804,0.1339,0.08872299,0.11843,0.13290778,0.126707808
2024-03-21,0.0609334534336082,0.0614209695846499,0.0614209695846499,0.0609304584022683,0.0611769513744621,0.07916527,0.132555,0.08508885,0.1202599999999999,0.141011,0.08861705789999998
2024-03-22,0.0531485707138287,0.0516314758859834,0.0516314758859834,0.0569455807781033,0.0533834907612085,0.0707932,0.127182,0.08172721,0.111634,0.13968961,0.080186584
2024-03-25,0.0446207182088526,0.0458414333372468,0.0458414333372468,0.043018317048077,0.0448454515975399,0.0705654,0.115401,0.084545,0.108354,0.14240882,0.079256778
2024-03-26,0.0468435969776033,0.0481176570942132,0.0481176570942132,0.0454749698497151,0.0471511222271146,0.0870845,0.114274,0.07880885,0.104411,0.13977465,0.091069595
2024-03-27,0.0583109308761477,0.0577733980422025,0.0577733980422025,0.0609474695422793,0.0587160321929528,0.0910184,0.116517,0.08068328,0.116215,0.1386032,0.096813618
2024-03-28,0.049118959968856,0.0476212711930516,0.0476212711930516,0.0536313155988072,0.0495594622180398,0.08413699,0.114118,0.08259772,0.103857,0.14285726,0.0886725923
2024-04-01,0.058174462153441,0.0577065275787458,0.0577065275787458,0.0609247798763741,0.0586433787827319,0.07423878,0.114187,0.08232585,0.103717,0.13209771,0.08101877060000001
2024-04-02,0.0589535321852365,0.0600353611063736,0.0600353611063736,0.0596268976893796,0.0596644262763014,0.0769782899999999,0.120021,0.08330964,0.122361,0.14842154,0.08741631329999991
2024-04-03,0.0715877856578987,0.0723466102657096,0.0723466102657096,0.0753415332232559,0.0729198562082187,0.09561188,0.118129,0.08283739,0.110206,0.13703241,0.0989685276
2024-04-04,0.1045785081593633,0.0978320073222891,0.0978320073222891,0.1174088787852563,0.104718327550465,0.12311435,0.128136,0.08347723,0.152066,0.13785881,0.1297732295
2024-04-05,0.1072661866871503,0.104499835893498,0.104499835893498,0.1126116628388925,0.1072705141421433,0.12112424,0.125801,0.0877028,0.120879,0.13965347,0.1210678348
2024-04-08,0.0736756821445095,0.0734317488546521,0.0734317488546521,0.0752746751789356,0.0739574647051575,0.09506499,0.120879,0.0869721599999999,0.11429,0.14126887,0.09948674230000001
2024-04-09,0.0996796428542138,0.0974315964111219,0.0974315964111219,0.1046652631677263,0.0998457315962386,0.12733045,0.121646,0.1033121,0.118824,0.13221417,0.12537396650000002
2024-04-10,0.138863746698113,0.1348895427103021,0.1348895427103021,0.1462550307207948,0.1388020637665081,0.13797463,0.142598,0.11567299,0.189598,0.14120274,0.1498480051
2024-04-11,0.0968117872869389,0.0933608313747426,0.0933608313747426,0.1023527063895376,0.0965415562503017,0.11465144,0.129864,0.1328627799999999,0.131009,0.14046111,0.11841367879999999
2024-04-12,0.1086486368261969,0.1093843226762041,0.1093843226762041,0.1100717396988437,0.109373413427561,0.12534404,0.134315,0.14142333,0.139434,0.13548872,0.1285847308
2024-04-15,0.1278864681103698,0.1206089247568851,0.1206089247568851,0.1389588639924619,0.1272375141908275,0.13143963,0.143005,0.14581478,0.148998,0.1312731,0.1354780551
2024-04-16,0.1469026527103722,0.1426848978547107,0.1426848978547107,0.155433343062914,0.1470185988750031,0.13852512,0.143443,0.14686247,0.141373,0.1448738,0.1391801324
2024-04-17,0.133154601075557,0.1277698620354789,0.1277698620354789,0.1426695111955928,0.1329802734445139,0.14420541,0.139285,0.14934919,0.142642,0.13526697,0.1438458257
2024-04-18,0.1180912783563856,0.1176765561143794,0.1176765561143794,0.122431224349679,0.1189858168412187,0.14110133,0.137735,0.15212186,0.133299,0.14083879,0.13930679410000002
2024-04-19,0.1411717612417266,0.1410073929935713,0.1410073929935713,0.1416619524185833,0.1412123796740418,0.13309156,0.139303,0.15729194,0.135076,0.13279651,0.1335479812
2024-04-22,0.095350776870179,0.0951172287688977,0.0951172287688977,0.097377797421937,0.0957454705166831,0.12145759,0.1362809999999999,0.15466701,0.133741,0.1391150599999999,0.12428277430000001
2024-04-23,0.085921654401698,0.0805572719086938,0.0805572719086938,0.0948432675892474,0.0856690203878754,0.10908894,0.133924,0.14376677,0.126166,0.14480109,0.1130166638
2024-04-24,0.0912228912308003,0.0935135694472508,0.0935135694472508,0.0907997665272384,0.0922710529194273,0.1062222,0.131433,0.1387935599999999,0.121074,0.14046347,0.10963811400000001
2024-04-25,0.1039331961821696,0.1040863870308452,0.1040863870308452,0.1044613916870805,0.1041420226807037,0.0914845,0.148809,0.12823437,0.188849,0.14812005,0.113878335
2024-04-26,0.0821577967915945,0.0812384685026413,0.0812384685026413,0.0843023898455966,0.0822438052935252,0.0716149599999999,0.141729,0.1121161599999999,0.134474,0.14628738,0.08607253919999992
2024-04-29,0.0752041332953458,0.0779707148562774,0.0779707148562774,0.0724298646045536,0.0759286041320001,0.08159949,0.139108,0.1092355,0.125333,0.13804439,0.0916581973
2024-04-30,0.0918582914516777,0.0913806772112088,0.0913806772112088,0.0934544268439008,0.0920224591340365,0.10841268,0.140408,0.1030966,0.126213,0.13068166,0.11250675360000001
2024-05-01,0.1686275980762059,0.1686546857546388,0.1686546857546388,0.1704902835039621,0.1691086999951538,0.15631399,0.149029,0.11842674,0.146587,0.12543028,0.15407678230000002
2024-05-02,0.1082039633784156,0.1065931983224097,0.1065931983224097,0.1122855849613557,0.1084439603414045,0.10068419,0.146892,0.1204396099999999,0.152359,0.14059309,0.11256939630000001
2024-05-03,0.1059736458177057,0.1034400878740209,0.1034400878740209,0.1042387419088588,0.1042782725228613,0.07379619,0.15881,0.12834514,0.177792,0.14612052,0.09771522630000001
2024-05-06,0.0496602927310538,0.0497546302300927,0.0497546302300927,0.0495856115440975,0.0496888418183665,0.07130885,0.148481,0.11749886,0.136147,0.14524245,0.0862216245
2024-05-07,0.0583122631732526,0.0577714445242358,0.0577714445242358,0.0608334770047521,0.0586858406383262,0.0866017,0.1461839999999999,0.101632,0.125681,0.14765422,0.09558993900000001
2024-05-08,0.0552067285486261,0.0559231973796167,0.0559231973796167,0.0545948669211304,0.055414777770683,0.08836192,0.14331,0.08575334,0.125192,0.14703966,0.0968328384
2024-05-09,0.0551178988936277,0.0569342940446351,0.0569342940446351,0.0531563370054899,0.0555576426313503,0.07927013,0.138533,0.0834466,0.120188,0.15164163,0.0886812401
2024-05-10,0.0619435450996984,0.0606645771368113,0.0606645771368113,0.0638460376231973,0.061793408099241,0.07006003,0.127912,0.0881951899999999,0.120297,0.1465603,0.0816145331
2024-05-13,0.0487952031921087,0.0520138446639636,0.0520138446639636,0.0454744581556288,0.0496482081060361,0.07022279,0.126418,0.08819082,0.112769,0.14705114,0.0800084183
2024-05-14,0.0599050297505476,0.0605388207978653,0.0605388207978653,0.059950019072838,0.0602339501930592,0.08630879,0.124131,0.08603714,0.1110249999999999,0.15151197,0.09199351829999998
2024-05-15,0.0557278240690793,0.0564944007730082,0.0564944007730082,0.0553840760955074,0.056027272148994,0.08280988,0.123658,0.0835501,0.119151,0.13646395,0.09116833760000001
2024-05-16,0.0592602120828773,0.0589306726924618,0.0589306726924618,0.0619051959520201,0.0597697130450233,0.08568611,0.120297,0.0829433099999999,0.111123,0.14246524,0.0915365947
2024-05-17,0.0507852674934271,0.0527621093330677,0.0527621093330677,0.0482333334713366,0.0511695178174596,0.07194715,0.1167719999999999,0.08401142,0.1073649999999999,0.15046657,0.08009325549999999
2024-05-20,0.0476277438088873,0.0497026771611479,0.0497026771611479,0.0467638851955803,0.048466419232498,0.07282885,0.114435,0.08151579,0.105555,0.14309279,0.0803558645
2024-05-21,0.0395033301201101,0.041867014399307,0.041867014399307,0.038901749045223,0.0405572217945814,0.08128968,0.111864,0.08236792,0.104762,0.14672701,0.08668831360000001
2024-05-22,0.0698278613044548,0.0715497290491094,0.0715497290491094,0.070450460192536,0.070848297456072,0.10878912,0.110661,0.08121683,0.109092,0.13652789,0.1088587824
2024-05-23,0.0966239877524445,0.0968442830095852,0.0968442830095852,0.098036930686995,0.0970889606121526,0.11527079,0.116061,0.0825911999999999,0.124031,0.1438265,0.1172856383
2024-05-24,0.0668160291417861,0.0633992082147499,0.0633992082147499,0.0735987502757415,0.0669329459178016,0.07634698,0.114816,0.08327107,0.114076,0.14512458,0.0850246546
2024-05-28,0.0675822648343321,0.0689449778830427,0.0689449778830427,0.0678826833394816,0.0683414975839947,0.0985889799999999,0.109177,0.0876127499999999,0.108604,0.13800431,0.10089243459999993
2024-05-29,0.067751073897734,0.0679336502482749,0.0679336502482749,0.0686079692191881,0.0680573712517372,0.08955263,0.1156649999999999,0.08930632,0.124057,0.14390585,0.0974886351
2024-05-30,0.0723054287420013,0.0763600635402178,0.0763600635402178,0.0690594477351247,0.0735849865033236,0.09635809,0.112575,0.0875927899999999,0.112298,0.1406704,0.1000242693
2024-05-31,0.0891056889629457,0.0898554487025745,0.0898554487025745,0.0900885440956053,0.0897270484663196,0.0907638,0.111761,0.08643966,0.112924,0.1233754899999999,0.09586064600000001
2024-06-03,0.1002524194136619,0.0997858765649043,0.0997858765649043,0.1028430324606674,0.1006748221349947,0.11945237,0.11118,0.09027767,0.117324,0.14007033,0.1189628449
2024-06-04,0.0962601867054084,0.0979271998801792,0.0979271998801792,0.0976995764103907,0.0974560205016537,0.1320807,0.109684,0.10126915,0.113992,0.13902465,0.127920299
2024-06-05,0.0641645197561043,0.0678203822488938,0.0678203822488938,0.0591900009259377,0.0648454900164926,0.09229243,0.100997,0.1022715799999999,0.111866,0.13893133,0.0967943511
2024-06-06,0.0627064979396793,0.0637659255703032,0.0637659255703032,0.0619982133128325,0.0630635985841226,0.08441482,0.0991949999999999,0.10180773,0.102506,0.14735288,0.08857579139999999
2024-06-07,0.0890587339843557,0.0890436559724179,0.0890436559724179,0.0869000517492896,0.0885164143404969,0.09475883,0.1020919999999999,0.09941836,0.108,0.1396207,0.0978042991
2024-06-10,0.0594841201876427,0.0612168874942588,0.0612168874942588,0.058224790949122,0.060048941423926,0.0825727,0.098583,0.08855834,0.103649,0.14846042,0.087420249
2024-06-11,0.0650689019253174,0.0635530391877057,0.0635530391877057,0.0665937491173515,0.0647044569547946,0.09864791,0.09957,0.08741112,0.106052,0.14034243,0.10035085070000001
2024-06-12,0.1074331413489507,0.108946288439518,0.108946288439518,0.1056649182206962,0.1077561394215932,0.12873086,0.112146,0.08749298,0.148786,0.13721261,0.1333435422
2024-06-13,0.071634708183156,0.0688135872556468,0.0688135872556468,0.0762398068595802,0.0714399383196351,0.08467302,0.107559,0.09080764,0.11266,0.1376388,0.0911100254
2024-06-14,0.0666146858544043,0.0661587250916129,0.0661587250916129,0.0705507041491738,0.0673959791807353,0.07443809,0.107345,0.08678193,0.110638,0.14363376,0.08276406929999999
2024-06-17,0.062098638283536,0.058751703095897,0.058751703095897,0.0679665812216197,0.062006496177742,0.08843627,0.106364,0.08783765,0.107178,0.14195965,0.0927468679
2024-06-18,0.0552104205337466,0.0558068151044784,0.0558068151044784,0.0560388289819493,0.0557165642188034,0.08746034,0.104849,0.08460509,0.1052449999999999,0.14903286,0.09155081179999998
2024-06-20,0.0836148590114265,0.0802801776060295,0.0802801776060295,0.0907359709294283,0.0838365595980031,0.10425894,0.103549,0.08653479,0.111045,0.13523719,0.1058197338
2024-06-21,0.0758357368177489,0.0765346204948205,0.0765346204948205,0.0771115494197074,0.0765054676169802,0.07685932,0.1067109999999999,0.08623404,0.115049,0.13554074,0.0856429464
2024-06-24,0.0768794539938594,0.0769617677292681,0.0769617677292681,0.0788272163321191,0.0774118980924319,0.10428485,0.10541,0.08887776,0.1068979999999999,0.1364742099999999,0.10488587449999998
2024-06-25,0.0636498724157166,0.0647579178291479,0.0647579178291479,0.0636194425707205,0.0641987452655415,0.09285403,0.104884,0.100612,0.106019,0.14811487,0.0958819731
2024-06-26,0.0675921356449394,0.066716740717408,0.066716740717408,0.0701093711999759,0.0677979861703274,0.0903176099999999,0.104534,0.08981344,0.106666,0.1369404699999999,0.09407773969999993
2024-06-27,0.068950363960587,0.0668638269095513,0.0668638269095513,0.0726668511716454,0.068877003868273,0.08113094,0.1029679999999999,0.08886155,0.104904,0.14065492,0.0865987438
2024-06-28,0.0896882922654366,0.0873724541161721,0.0873724541161721,0.09376715434458,0.0895881695313838,0.08612649,0.103905,0.0919603099999999,0.1109469999999999,0.13735111,0.09183520729999997
2024-07-01,0.0812871421988892,0.0769218842533622,0.0769218842533622,0.0892137214651678,0.0812413689857303,0.09681309,0.103579,0.09763614,0.111544,0.14069932,0.1002011993
2024-07-02,0.0657949321857815,0.0650100536225887,0.0650100536225887,0.0692360928272888,0.0662857899465343,0.08540244,0.103013,0.0914260799999999,0.10669,0.14599157,0.0902985788
2024-07-03,0.0474999810676293,0.0485128705034098,0.0485128705034098,0.0438014413907354,0.0471216820537329,0.09901082,0.0998,0.0937358399999999,0.101272,0.14071832,0.0995308914
2024-07-05,0.054801205766209,0.054720284186436,0.054720284186436,0.0568316947272491,0.0552757466749438,0.06811991,0.098637,0.08419264,0.100643,0.14042896,0.07560022070000001
2024-07-08,0.0455028834638789,0.0463779299767906,0.0463779299767906,0.0453006619410412,0.0458925025295201,0.06862485,0.09617,0.08087308,0.09999,0.14334277,0.07583883450000001
2024-07-09,0.0483455083903775,0.0488499031120645,0.0488499031120645,0.0492231866319806,0.0488181225362237,0.07940441,0.094539,0.08572711,0.099369,0.14779867,0.08399626569999999
2024-07-10,0.0428418211589206,0.0419828864448859,0.0419828864448859,0.04524830699997,0.0430347430428742,0.0862961999999999,0.094035,0.0861881299999999,0.100434,0.13799817,0.08954789399999993
2024-07-11,0.0894159068172636,0.0857566856287247,0.0857566856287247,0.0966102579479069,0.0894946431256678,0.08861669,0.097207,0.08158787,0.109045,0.1325849,0.0933152013
2024-07-12,0.0733603635622393,0.0720222229352562,0.0720222229352562,0.0786770009809127,0.0740712741526801,0.08927681,0.097545,0.08347037,0.107635,0.12808619,0.0934991937
2024-07-15,0.0841785261693591,0.0818252785043957,0.0818252785043957,0.0891916526111485,0.0843088482429293,0.1068326,0.101699,0.08940907,0.112811,0.13271262,0.108207632
2024-07-16,0.0743465195722357,0.0758333661090452,0.0758333661090452,0.0753210179052921,0.0753360132035986,0.1184116599999999,0.097735,0.09891105,0.106971,0.13726428,0.11578030819999993
2024-07-17,0.0867493939689951,0.0859094809611759,0.0859094809611759,0.0880331953261815,0.0866547440584802,0.09652111,0.112795,0.10592312,0.1551179999999999,0.14183776,0.10999839469999997
2024-07-18,0.1123790281785854,0.1062500792642841,0.1062500792642841,0.1225150139306488,0.1120458982963273,0.13631471,0.111426,0.11769714,0.1237829999999999,0.13866246,0.1334324167
2024-07-19,0.1052056048997576,0.1034849191406427,0.1034849191406427,0.1121306750358852,0.1061364270236872,0.1192231699999999,0.112854,0.13321535,0.11584,0.14487107,0.11844504089999994
2024-07-22,0.0928800484002782,0.0878520077391895,0.0878520077391895,0.1003702330083544,0.0923807847885622,0.10630299,0.117421,0.13514855,0.124237,0.14418803,0.1104278123
2024-07-23,0.0790818657047874,0.0771826937620371,0.0771826937620371,0.0841660067376931,0.0794546955916518,0.10863255,0.1139969999999999,0.13711044,0.116061,0.1382644,0.11034109349999999
2024-07-24,0.086470014563945,0.086948789534692,0.086948789534692,0.0876232986549352,0.0869986923593642,0.10633733,0.119226,0.13187403,0.133386,0.1465098,0.1125585241
2024-07-25,0.1402756844067351,0.1348202272153461,0.1348202272153461,0.1518002641724533,0.1406001201736681,0.14779775,0.121376,0.13678308,0.130461,0.1300658,0.1438102975
2024-07-26,0.1281680393176378,0.1259834601215575,0.1259834601215575,0.1336391838783237,0.1284816545451063,0.12782387,0.126789,0.14136702,0.135305,0.1298508099999999,0.1295445299
2024-07-29,0.1035592859098841,0.1027493565721829,0.1027493565721829,0.1055606144494157,0.1036610215716333,0.1130615599999999,0.122744,0.14860713,0.124564,0.14250991,0.11570712119999993
2024-07-30,0.1121614745709353,0.1097948892293765,0.1097948892293765,0.1171435474952413,0.1122637992625835,0.13903562,0.127296,0.15142396,0.119288,0.1310806,0.13449366740000002
2024-07-31,0.13188453265958,0.1233358683379244,0.1233358683379244,0.1450285563107786,0.1311966891138684,0.14589663,0.145471,0.14722578,0.187847,0.14515256,0.1555452151
2024-08-01,0.1529528487392935,0.1481532564918717,0.1481532564918717,0.1631511518782995,0.1532250363966132,0.1603679599999999,0.142962,0.14922878,0.152857,0.13830001,0.15864043919999993
2024-08-02,0.1853776511665685,0.1808848956809405,0.1808848956809405,0.1949521576314393,0.1856137847037478,0.1404822399999999,0.165999,0.1570214,0.214664,0.14293854,0.15754404479999992
2024-08-05,0.2677374653109723,0.2691553930480206,0.2691553930480206,0.3049398241904266,0.2781909856205361,0.14789741,0.294557,0.18904018,0.366122,0.26633544,0.1980890657
2024-08-06,0.1870656945210606,0.1879764134350133,0.1879764134350133,0.1865549335189757,0.187394357774386,0.15218103,0.2477,0.19339791,0.231755,0.14034755,0.1704830431
2024-08-07,0.1768252756193508,0.1710085316017686,0.1710085316017686,0.1858820486172755,0.1762860954933774,0.15726611,0.255781,0.19711264,0.208567,0.14616338,0.1690653147
2024-08-08,0.1493658893529191,0.1469567636137757,0.1469567636137757,0.1533486274942562,0.1491798840328606,0.14469072,0.257245,0.18442586,0.216378,0.1408222,0.1611787944
2024-08-09,0.1351847215901989,0.1343479046245256,0.1343479046245256,0.1379032845109405,0.1354538148081535,0.12603519,0.250054,0.17365668,0.208555,0.1420797,0.1450147463
2024-08-12,0.1196235769289566,0.1177382511537465,0.1177382511537465,0.1235631422859104,0.1196894333873416,0.11542886,0.206864,0.15546732,0.203651,0.14462487,0.1357199522
2024-08-13,0.0858003419746643,0.0830895485867543,0.0830895485867543,0.0915356226490536,0.0859479712753892,0.1067788799999999,0.206363,0.13920625,0.179245,0.14374123,0.12344608759999992
2024-08-14,0.0957226546093022,0.0948727823034865,0.0948727823034865,0.0982639219031962,0.0959431011032824,0.11591725,0.199517,0.1278213,0.177733,0.1389132599999999,0.1301348725
2024-08-15,0.077367066913755,0.0793351928726306,0.0793351928726306,0.075344608885133,0.0778630509085761,0.07940354,0.204058,0.10579953,0.193234,0.14667363,0.1055845458
2024-08-16,0.0760336064755673,0.0761864064282457,0.0761864064282457,0.0759747907641539,0.0760953599016361,0.0741841,0.197331,0.08837176,0.163155,0.14363029,0.094647407
2024-08-19,0.0640365989020478,0.062275925011076,0.062275925011076,0.0681993221516464,0.0642425388914077,0.07167084,0.194887,0.08634402,0.149458,0.14376226,0.0895618868
2024-08-20,0.0682408530977868,0.0668935556527394,0.0668935556527394,0.0699345427161669,0.0680021137027471,0.09005986,0.192926,0.08221445,0.145834,0.14159318,0.1028879122
2024-08-21,0.0916837343618181,0.0877513837628154,0.0877513837628154,0.1003754642170595,0.0920349820284336,0.0937527599999999,0.1933409999999999,0.08291991,0.151624,0.14060773,0.10706314519999992
2024-08-22,0.1116527976943742,0.1047613783174189,0.1047613783174189,0.1223448391641964,0.11111311767409,0.12044144,0.193541,0.09726514,0.164276,0.13738722,0.1305233888
2024-08-23,0.1350817237869256,0.1290485637804694,0.1290485637804694,0.1458034300882328,0.1349192128222897,0.11366457,0.19683,0.12272786,0.1702509999999999,0.12469121,0.1266794489
2024-08-26,0.0840882933221273,0.085611667320334,0.085611667320334,0.0837514706535288,0.0847700788503705,0.10954638,0.193309,0.12872443,0.153116,0.14979866,0.1195673926
2024-08-27,0.0776081921429153,0.0840542681271848,0.0840542681271848,0.0685030278089999,0.0788129689319683,0.10091395,0.1918349999999999,0.13082598,0.149332,0.14461606,0.1120501015
2024-08-28,0.0961550338676744,0.0984030491967986,0.0984030491967986,0.0928236744076671,0.0964732414339455,0.11903769,0.1916679999999999,0.12797634,0.147881,0.14553298,0.12567165130000002
2024-08-29,0.1247386920567737,0.12600655337841,0.12600655337841,0.1234888897278963,0.1250645335125783,0.1350143899999999,0.192732,0.12624705,0.160349,0.13799255,0.14084135029999992
2024-08-30,0.1010804340887516,0.1005238990396076,0.1005238990396076,0.1049602218697692,0.1017890108100723,0.1139476,0.188445,0.13257814,0.161296,0.13525155,0.124837732
2024-09-03,0.1091193893916199,0.1121294337755296,0.1121294337755296,0.1067410245094786,0.1100530636695031,0.13232094,0.189277,0.14375224,0.153986,0.13333608,0.13730390380000002
2024-09-04,0.1300938815350421,0.1236758154482158,0.1236758154482158,0.1418853980252716,0.130045471700484,0.14237767,0.186878,0.1480894499999999,0.156087,0.1406400099999999,0.14553081590000003
2024-09-05,0.1165603885465064,0.1159864875433368,0.1159864875433368,0.1203532873732959,0.1172358398112038,0.14307663,0.142697,0.14789604,0.14867,0.12695174,0.1443631051
2024-09-06,0.1544248181342559,0.1493619646871775,0.1493619646871775,0.1604791263593808,0.153475215786862,0.1257991,0.145174,0.14981304,0.146362,0.13542869,0.13052856699999998
2024-09-09,0.0931426487652161,0.0952165996184886,0.0952165996184886,0.0918953290592987,0.0938785201839754,0.11726513,0.140158,0.15066017,0.132803,0.14502179,0.1208388401
2024-09-10,0.0996882222613005,0.1011582298349219,0.1011582298349219,0.0995267606215208,0.1003858713466463,0.11847163,0.1336149999999999,0.1482511,0.1345599999999999,0.14211546,0.12217195509999998
2024-09-11,0.1381409105559714,0.1299398526681436,0.1299398526681436,0.1497186651614667,0.1371744514202645,0.15216036,0.136121,0.14472925,0.130301,0.12765954,0.14713270720000002
2024-09-12,0.115806391873938,0.112996319938505,0.112996319938505,0.1206912127986073,0.1156652777251548,0.12386134,0.133953,0.14178835,0.133612,0.13803312,0.1261039918
2024-09-13,0.0902352082677234,0.0917738464626135,0.0917738464626135,0.0878976640748959,0.090434050487122,0.08785941,0.128543,0.13217977,0.1249499999999999,0.14347666,0.09639024569999997
2024-09-16,0.0776723415766223,0.0757865551628678,0.0757865551628678,0.083059875581163,0.0781331227208771,0.09513688,0.12577,0.12846146,0.1166799999999999,0.14403243,0.10009179759999998
2024-09-17,0.1000553173755452,0.1037862074770848,0.1037862074770848,0.0984926514366032,0.1015566623209505,0.12839181,0.124677,0.12365852,0.119646,0.13695488,0.1263802737
2024-09-18,0.1935116742868929,0.179938426663499,0.179938426663499,0.2136165579609065,0.1922462461926452,0.16585459,0.138293,0.13258818,0.184953,0.12345555,0.1702472243
2024-09-19,0.0953919795043719,0.0950838478186402,0.0950838478186402,0.0975512484110601,0.095783286710568,0.09683953,0.158626,0.12714363,0.251347,0.150022,0.13237624809999998
2024-09-20,0.0835385309185051,0.0843621305515749,0.0843621305515749,0.0844114533285874,0.0841693497412631,0.09017894,0.149107,0.12943114,0.158002,0.1415645499999999,0.1057782438
2024-09-23,0.076425105196442,0.0799500546268363,0.0799500546268363,0.0734157800518254,0.0774833787572752,0.09029016,0.146958,0.12805238,0.140593,0.14944037,0.10185981320000001
2024-09-24,0.0712218904185734,0.0733815132372396,0.0733815132372396,0.0688985935389267,0.0717448026626526,0.08893299,0.144253,0.11515626,0.13923,0.14171317,0.10050130230000001
2024-09-25,0.0652561635658951,0.0701769850086286,0.0701769850086286,0.0569232418820688,0.0658563603600782,0.0939875299999999,0.136,0.08926924,0.134779,0.14106622,0.10336956809999993
2024-09-26,0.0751607556622437,0.076208476461754,0.076208476461754,0.0741497324468858,0.0754367048970653,0.0762406299999999,0.13166,0.09779686,0.146126,0.14315753,0.09231426509999993
2024-09-27,0.0695478520209586,0.0727825086646232,0.0727825086646232,0.0651960432576425,0.0701463023120489,0.07564406,0.127667,0.09556974,0.1180519999999999,0.1557461799999999,0.08539788619999997
2024-09-30,0.0790654611830242,0.0799412223369052,0.0799412223369052,0.0794638711653685,0.079603787645607,0.10396057,0.128004,0.0990062999999999,0.119672,0.13016341,0.1075741989
2024-10-01,0.1373372222844713,0.140636902454357,0.140636902454357,0.1313688720978118,0.1375470554437446,0.1374447,0.132375,0.11333398,0.133205,0.13256674,0.136469569
2024-10-02,0.0876975778666669,0.0885189790439685,0.0885189790439685,0.0865734636359337,0.0878308730908095,0.10566956,0.130987,0.11480618,0.120018,0.1441746599999999,0.10896970119999999
2024-10-03,0.1161626529322324,0.1110885161640764,0.1110885161640764,0.1279184750169797,0.1167670919330404,0.1145323199999999,0.132578,0.13173403,0.133999,0.13999776,0.11900965639999991
2024-10-04,0.1042266969220366,0.1023487361781689,0.1023487361781689,0.1086272115362827,0.1044193504959249,0.1054043,0.137416,0.13333499,0.134265,0.14277806,0.112042261
2024-10-07,0.0916607068284954,0.0990572137020742,0.0990572137020742,0.0842222879905607,0.0937013102142936,0.10839541,0.134,0.12719592,0.128626,0.14487872,0.1130484457
2024-10-08,0.0728948880821758,0.073018069763896,0.073018069763896,0.073679348366114,0.073153243448699,0.1001508,0.131212,0.1145254399999999,0.123628,0.14482773,0.105550556
2024-10-09,0.0636556765254054,0.0662707752428822,0.0662707752428822,0.0615100940533171,0.0644576762824649,0.0928923,0.1272579999999999,0.09871568,0.119031,0.14443449,0.098904201
2024-10-10,0.0773073234458919,0.0786856571317676,0.0786856571317676,0.076788793678592,0.0778713785185181,0.08387603,0.126074,0.09869968,0.11464,0.13696372,0.09095174310000001
2024-10-11,0.0619235518968067,0.0629843984026798,0.0629843984026798,0.0629005079417353,0.062699818706157,0.0704114699999999,0.119671,0.09527242,0.11639,0.14626407,0.08098653189999994
2024-10-14,0.0493133834486857,0.0505419100096035,0.0505419100096035,0.0490780695060099,0.0498734298711036,0.07179212,0.1175549999999999,0.0866749699999999,0.109111,0.13736121,0.0803754624
2024-10-15,0.073376964446067,0.07441789922106,0.07441789922106,0.0750015638584024,0.0743058896411938,0.10360548,0.116986,0.08707629,0.114047,0.14052837,0.1060070296
2024-10-16,0.0542001967447824,0.0542375292983781,0.0542375292983781,0.0558058630474566,0.0546245705851073,0.08735854,0.116204,0.08548689,0.1082429999999999,0.15333153,0.09216196579999998
2024-10-17,0.073820373118908,0.0711837412783738,0.0711837412783738,0.0819436906389254,0.0746633544111762,0.07896847,0.119861,0.08320222,0.124622,0.14829735,0.0894687819
2024-10-18,0.0513940794064869,0.0526377291933612,0.0526377291933612,0.0593493954208183,0.0540952012754463,0.07067493,0.11352,0.08430333,0.111593,0.14302098,0.0800860861
2024-10-21,0.0624831344053794,0.0624861359590306,0.0624861359590306,0.064838873252567,0.0630818039215035,0.07399795,0.10421,0.08438032,0.107628,0.1420536399999999,0.0817328615
2024-10-22,0.0618321632808694,0.0638947688016078,0.0638947688016078,0.0592355845693111,0.0622437825322376,0.07999323,0.105479,0.08258053,0.1144319999999999,0.14788546,0.08791414709999998
2024-10-23,0.0751986645154841,0.074824913045619,0.074824913045619,0.0776092983556675,0.0756233719837,0.10119359,0.106636,0.08532036,0.107744,0.13693949,0.10270018430000001
2024-10-24,0.0731605396952905,0.074630883980675,0.074630883980675,0.0725528271586019,0.0737494321752481,0.08319515,0.105389,0.0868729199999999,0.107427,0.14420966,0.0887684755
2024-10-25,0.0820721820006806,0.0800166381132895,0.0800166381132895,0.086459857016953,0.0821834452363294,0.10059312,0.110511,0.09329622,0.117325,0.13704824,0.1044414524
2024-10-28,0.0677648439872774,0.0661235585679107,0.0661235585679107,0.0690674424107221,0.0672811929092118,0.09576967,0.109666,0.09391147,0.111934,0.14621629,0.0994874659
2024-10-29,0.0707734573311654,0.0710963445499691,0.0710963445499691,0.0720708501671164,0.0712609116612205,0.10838346,0.1082949999999999,0.0934958499999999,0.111501,0.1377424,0.10910049420000001
2024-10-30,0.0727219626900704,0.073600499371424,0.073600499371424,0.0733447457209251,0.073317805814497,0.09995419,0.1073359999999999,0.08911063,0.1092259999999999,0.1418849,0.10208670629999997
2024-10-31,0.0940918206844392,0.0898640860499755,0.0898640860499755,0.1032803135782444,0.0944341064125244,0.0955755,0.1169849999999999,0.09413754,0.138778,0.13998335,0.105512075
2024-11-01,0.0931328025318269,0.0899551991300937,0.0899551991300937,0.1004876285127484,0.0934817603768484,0.10807908,0.115167,0.09660859,0.124624,0.13782049,0.1118844116
2024-11-04,0.0809954768604318,0.0788010313745485,0.0788010313745485,0.0864213424319857,0.0813143910863576,0.1144000199999999,0.1112679999999999,0.11035989,0.113229,0.14336188,0.11413068539999992
2024-11-05,0.0743288225087141,0.0738371580434617,0.0738371580434617,0.0779703907430403,0.0750133446528426,0.12083708,0.108604,0.10964986,0.1115719999999999,0.14302258,0.11870611159999997
2024-11-06,0.0935724208714786,0.0950421579763886,0.0950421579763886,0.0863871810763187,0.0925804603948363,0.0932705299999999,0.163395,0.10624518,0.256779,0.14853486,0.13087747809999992
2024-11-07,0.0598038915608573,0.0605918147280636,0.0605918147280636,0.0590398074672562,0.0600102914833644,0.0896173,0.139109,0.1000706899999999,0.152828,0.14447598,0.10415576099999999
2024-11-08,0.0465367673982648,0.0461833006831566,0.0461833006831566,0.0470887466053991,0.0464995034939336,0.07483178,0.135869,0.10097157,0.131802,0.15036314,0.0879349306
2024-11-11,0.0515210009359069,0.0494649861508879,0.0494649861508879,0.0559336519915832,0.0516637122949182,0.07400744,0.135317,0.0871634199999999,0.124941,0.14481518,0.0857221588
2024-11-12,0.0596861459133403,0.0571006035529526,0.0571006035529526,0.0652849100615159,0.0598863785596351,0.09745362,0.135163,0.08586732,0.1228379999999999,0.14089504,0.10329202739999999
2024-11-13,0.0719040451158288,0.0681449658096232,0.0681449658096232,0.079458790753797,0.0720613694403324,0.1050965899999999,0.116042,0.08554186,0.125048,0.14181363,0.10968541429999994
2024-11-14,0.0763376318079351,0.0731364839857921,0.0731364839857921,0.0815742039434737,0.0761243642972855,0.10244642,0.115605,0.09249165,0.114103,0.14128874,0.1051274334
2024-11-15,0.0858887215402881,0.0856168820387676,0.0856168820387676,0.0892625041554866,0.0866099995901367,0.10807231,0.124801,0.11168188,0.127803,0.14158695,0.1126103687
2024-11-18,0.0610761806878879,0.0582016972210955,0.0582016972210955,0.0645555097513753,0.0605652309611538,0.09596259,0.119486,0.11465133,0.114439,0.15026696,0.1002121643
2024-11-19,0.0805879160500973,0.0782616649748989,0.0782616649748989,0.0866561684127085,0.0810146285348453,0.11065737,0.124449,0.11849005,0.124903,0.14851272,0.1139338649
2024-11-20,0.0888853270372058,0.0832236191961232,0.0832236191961232,0.0978845223289505,0.0885075175596408,0.12144846,0.124519,0.1184692399999999,0.116668,0.13191236,0.1203489542
2024-11-21,0.1172251090763652,0.1142750525956508,0.1142750525956508,0.1224328959406134,0.1170994401116507,0.11296439,0.137028,0.1203331,0.1253149999999999,0.13982592,0.11580503029999997
2024-11-22,0.0887200973137064,0.0851239314055717,0.0851239314055717,0.0954130492701661,0.0886948040110942,0.10111385,0.129576,0.1241122299999999,0.118565,0.13776938,0.10512761450000001
2024-11-25,0.0777263072924027,0.0785365748202588,0.0785365748202588,0.0774218975463995,0.0780568962904535,0.0983558599999999,0.133571,0.12368635,0.120698,0.14090444,0.10349455219999992
2024-11-26,0.0600643818800034,0.0600853635860566,0.0600853635860566,0.059863620534076,0.0600247550361764,0.09081763,0.129549,0.10811949,0.1211609999999999,0.1435436799999999,0.09779660509999998
2024-11-27,0.0563581521024142,0.0552923681956046,0.0552923681956046,0.0579513489676242,0.0562340913435143,0.09410125,0.127104,0.09493486,0.115203,0.14014508,0.0989546525
2024-11-29,0.0350100959563009,0.0365311773570024,0.0365311773570024,0.0335367358538098,0.0354241206975386,0.07126454,0.120627,0.08484831,0.111736,0.1437754,0.0805729758
2024-12-02,0.043538100605752,0.0453498280077433,0.0453498280077433,0.0408718453349851,0.0438157726911991,0.07239797,0.119197,0.08156171,0.108166,0.14913529,0.0806246169
2024-12-03,0.0421196521655005,0.0429300150481057,0.0429300150481057,0.0424181054222028,0.0426008601738657,0.08081834,0.113767,0.08381108,0.106193,0.14588974,0.0866545118
2024-12-04,0.0416536726114237,0.0423341748164788,0.0423341748164788,0.040811408341745,0.0417880491517632,0.08657631,0.112181,0.08425851,0.109526,0.14756246,0.09185473870000001
2024-12-05,0.0385953206365792,0.036974041401592,0.036974041401592,0.041776551086889,0.0386297763095034,0.08252682,0.110983,0.08101964,0.1042859999999999,0.13719156,0.08753143139999998
2024-12-06,0.0454957309185621,0.0443212759171088,0.0443212759171088,0.0477567700629389,0.0454953888226588,0.06975466,0.1106279999999999,0.08035489,0.1060229999999999,0.14613046,0.07809637819999998
2024-12-09,0.0483493139679957,0.0459184974049023,0.0459184974049023,0.0518978684489602,0.0480834215675461,0.07597762,0.093777,0.0794139899999999,0.104228,0.14710646,0.0824752074
2024-12-10,0.0439381052382349,0.0411121885601194,0.0411121885601194,0.0469678394657513,0.0433501993432914,0.0873850599999999,0.0925479999999999,0.0786664,0.09872,0.14581419,0.08999209619999993
2024-12-11,0.0368019925776414,0.0357856813998782,0.0357856813998782,0.0386037441499125,0.0367622962645965,0.0835122299999999,0.093381,0.07862229,0.1063669999999999,0.14619911,0.0887688270999999
2024-12-12,0.0503245159544554,0.048195667053805,0.048195667053805,0.0542887978725418,0.0503127099399803,0.08298477,0.093748,0.0792233599999999,0.104004,0.1447008,0.0878191929
2024-12-13,0.0617905209797335,0.0595177349537433,0.0595177349537433,0.0675816607745993,0.062189369879522,0.07296512,0.095418,0.08027518,0.107438,0.14980064,0.0808938824
2024-12-16,0.0425905971367934,0.0436656201978186,0.0436656201978186,0.0422058110905453,0.0430367930636093,0.07200315,0.09451,0.07790999,0.102665,0.13537557,0.07905537550000001
2024-12-17,0.0531310696744108,0.0542403535842389,0.0542403535842389,0.051410488933458,0.0532681444463077,0.08333694,0.099131,0.07916844,0.107506,0.13943337,0.08889582380000001
2024-12-18,0.0928913774890669,0.0861342831559363,0.0861342831559363,0.1040552202555981,0.0925939068511414,0.16527333,0.098838,0.1065108,0.149966,0.11219258,0.1617526441
2024-12-19,0.1329176042552722,0.1241514470301053,0.1241514470301053,0.1492240112992527,0.1330056941154577,0.14683765,0.117048,0.126439,0.180716,0.1252082,0.15462967049999998
2024-12-20,0.1288882927813356,0.1221317484648448,0.1221317484648448,0.1398779322990611,0.1284624029886841,0.1387842,0.13226,0.14035382,0.14365,0.1408997,0.139903334
2024-12-23,0.1032745050021743,0.0989873235948325,0.0989873235948325,0.1084283220121107,0.1024930544753427,0.12181531,0.125012,0.14748646,0.131826,0.14748737,0.12411776869999999
2024-12-24,0.0529323960272489,0.0516723623190343,0.0516723623190343,0.0557140459578361,0.0530234842344326,0.11969281,0.120827,0.1477992,0.130856,0.14126417,0.12226034370000001
2024-12-26,0.0677366830209306,0.0658538268568107,0.0658538268568107,0.0712320522520571,0.0677047201421205,0.0941032,0.118976,0.13577341,0.12368,0.14557282,0.100905864
2024-12-27,0.1072579985120825,0.1002503981084301,0.1002503981084301,0.119206730177766,0.1070219690137147,0.12623144,0.122393,0.12474948,0.141955,0.12393965,0.1298478588
2024-12-30,0.1147715743454279,0.1137600928713427,0.1137600928713427,0.1192361299461466,0.1154041663269306,0.12968159,0.134013,0.12627968,0.190793,0.15266003,0.1437372143
2024-12-31,0.1140355369963604,0.1114211325795641,0.1114211325795641,0.120743825342219,0.1144688960230531,0.14581682,0.127045,0.13938984,0.129599,0.14106834,0.1420867214
2025-01-02,0.1611539637642536,0.1596245965679515,0.1596245965679515,0.1658403968541347,0.1615809866016341,0.1439017699999999,0.13844,0.1429510699999999,0.150138,0.13966926,0.14533610289999993
2025-01-03,0.1007045517566163,0.1022551527966035,0.1022551527966035,0.1005747964751351,0.1014506394477498,0.0984762699999999,0.1436359999999999,0.14301442,0.146415,0.14132084,0.10950217789999991
2025-01-06,0.0911908502103617,0.0961793675517597,0.0961793675517597,0.0845371517745781,0.0921455949538007,0.1138547299999999,0.1438289999999999,0.14297246,0.147868,0.14460297,0.12167778209999994
2025-01-07,0.117966423676863,0.1151569132826854,0.1151569132826854,0.1254694082103531,0.1185125297862606,0.14301263,0.140358,0.14593073,0.143731,0.13532787,0.1431778551
2025-01-08,0.1277702571461941,0.1252559025863597,0.1252559025863597,0.1308033207247377,0.1272918198366164,0.13797834,0.142407,0.138765,0.135273,0.13811396,0.1373561118
2025-01-10,0.1369871181767536,0.1354992559852237,0.1354992559852237,0.1378272980044722,0.1364568900483627,0.13490442,0.1459,0.14331294,0.153749,0.15029145,0.1392386734
2025-01-13,0.1104896214036093,0.1083536172897665,0.1083536172897665,0.114488806936586,0.1104498258387379,0.1258659899999999,0.151454,0.15278381,0.152556,0.14017597,0.13200469229999992
2025-01-14,0.1081100246189411,0.107661695340834,0.107661695340834,0.1099616483442932,0.1083529219922416,0.14246385,0.150246,0.1580591,0.137994,0.1398576,0.1414357845
2025-01-15,0.0867744513305551,0.0830404376441128,0.0830404376441128,0.0938856553999553,0.0867982578480835,0.09361675,0.172669,0.14516393,0.181418,0.15926635,0.11381103749999999
2025-01-16,0.0947775314447186,0.0943407960009009,0.0943407960009009,0.0961797222054723,0.0949127112277955,0.10645051,0.160739,0.13998958,0.155862,0.1476495,0.11781515270000001
2025-01-17,0.0710540417087947,0.0720879707718706,0.0720879707718706,0.0701144113768154,0.0713408343550252,0.07313417,0.160543,0.1256591,0.146679,0.14647653,0.0900494809
2025-01-21,0.077097681218933,0.0745880446265192,0.0745880446265192,0.081220011859678,0.0769212187537315,0.08353925,0.157915,0.1109555499999999,0.149051,0.1426913,0.0986069525
2025-01-22,0.0462719499931978,0.0477971803309483,0.0477971803309483,0.0434807132638255,0.0463702670826964,0.08801964,0.155803,0.09255025,0.136124,0.14643093,0.09908364280000001
2025-01-23,0.0454840284680326,0.0461194692137799,0.0461194692137799,0.0447202498072035,0.0456144397905451,0.08280356,0.1443249999999999,0.08766497,0.130728,0.14319288,0.0938261812
2025-01-24,0.0549671386130819,0.0555556256823375,0.0555556256823375,0.0541469636628404,0.0550593658952015,0.07636666,0.140965,0.08211121,0.121911,0.1396803,0.08684185820000001
2025-01-27,0.118711798110687,0.1166319808833261,0.1166319808833261,0.1131708025498075,0.1163036537366487,0.1278726,0.1698539999999999,0.1130625099999999,0.256988,0.1518193,0.157569142
2025-01-28,0.0814874154465206,0.0782639266581399,0.0782639266581399,0.0881055281782947,0.0816291421669239,0.11215471,0.157497,0.12063986,0.162906,0.1467590399999999,0.1238275067
2025-01-29,0.1137122939211865,0.108524077150991,0.108524077150991,0.1244467784640842,0.1139873206785031,0.14690165,0.159367,0.13474475,0.157469,0.1439344,0.1493321405
2025-01-30,0.0840147782935668,0.0813575662573715,0.0813575662573715,0.0900007130540955,0.084256629556089,0.128614,0.159476,0.13866772,0.143664,0.12594103,0.1320755
2025-01-31,0.0991148394776367,0.0985416429835005,0.0985416429835005,0.1036701409901198,0.0999901999465002,0.13204801,0.159631,0.1415097,0.145814,0.13535441,0.1352141877
2025-02-03,0.1673377752225928,0.1646210143780364,0.1646210143780364,0.1738990630071751,0.1676625866740459,0.12719057,0.1777649999999999,0.1512793399999999,0.255921,0.14816553,0.1567985689
2025-02-04,0.0752573764971665,0.0768625222628043,0.0768625222628043,0.0752857752600273,0.0760712089606504,0.11554881,0.1618949999999999,0.15044626,0.161791,0.14607765,0.1261845137
2025-02-05,0.0683132455862825,0.0656785776149075,0.0656785776149075,0.0734822199466295,0.0683624298972971,0.0964728,0.157557,0.14507767,0.143787,0.14535168,0.107355066
2025-02-06,0.0662916211408194,0.061681544694072,0.061681544694072,0.0738394339832901,0.0660607049541257,0.08435536,0.156128,0.13147314,0.139425,0.14298532,0.09702137720000001
2025-02-07,0.1456380125036875,0.1474520225858089,0.1474520225858089,0.1499732289137298,0.147636883946836,0.11607131,0.1623069999999999,0.1347467299999999,0.159603,0.14455633,0.12608359870000002
2025-02-10,0.0535165908376111,0.0518069645083454,0.0518069645083454,0.0551955249137195,0.0531001285509725,0.09252984,0.145346,0.1058012,0.15386,0.14859872,0.1066357768
2025-02-11,0.0551905683804915,0.0579888783515679,0.0579888783515679,0.0494887869901253,0.0552733183843289,0.09044634,0.142966,0.10201636,0.125319,0.14326356,0.0984670518
2025-02-12,0.085857037077045,0.0871454530875927,0.0871454530875927,0.0845972985276281,0.0861927980191868,0.09244962,0.154191,0.10501218,0.189233,0.14283256,0.11470979740000001
2025-02-13,0.0801568402169089,0.0824097956067312,0.0824097956067312,0.0782438396544926,0.0808238304915751,0.08916226,0.145321,0.10245003,0.1325869999999999,0.14226264,0.09914995019999998
2025-02-14,0.0476690062379171,0.0484864330893532,0.0484864330893532,0.0471489883075275,0.0479510939437011,0.07435084,0.139547,0.0957864,0.1224649999999999,0.14522315,0.08541709679999998
2025-02-18,0.0569859484758228,0.0574045787448759,0.0574045787448759,0.0575066723764876,0.057325794833694,0.0862371899999999,0.131853,0.1008796199999999,0.117727,0.13883935,0.09347984629999992
2025-02-19,0.0468654681816107,0.0472564386647139,0.0472564386647139,0.0479194563510216,0.0473259664333512,0.09368039,0.130387,0.09434021,0.117752,0.15001904,0.0992168603
2025-02-20,0.072171187867771,0.0728540076171434,0.0728540076171434,0.0717564159067375,0.0724104212696338,0.0843889,0.125352,0.09886516,0.123861,0.1387334399999999,0.093467483
2025-02-21,0.0902033566222137,0.0899447720242788,0.0899447720242788,0.091363399276819,0.0903659785294342,0.1131209,0.126072,0.1035230299999999,0.121805,0.13481123,0.115118243
2025-02-24,0.0986777546262672,0.0962186004193937,0.0962186004193937,0.1036302534816095,0.0987326780099658,0.12921385,0.1297819999999999,0.13515701,0.128749,0.13705573,0.1291069345
2025-02-25,0.1284648334215491,0.1257212363960284,0.1257212363960284,0.1337495120525877,0.1284560274590334,0.14381187,0.136753,0.1530539699999999,0.134579,0.13492008,0.14168830990000003
2025-02-26,0.1110568168438007,0.1074734169504588,0.1074734169504588,0.1159598889176709,0.1105456728091272,0.14791736,0.138477,0.16148094,0.125233,0.13748337,0.1426999572
2025-02-27,0.1419379176143529,0.141962480085164,0.141962480085164,0.1437455457600025,0.1424042185877941,0.15480508,0.142709,0.16548043,0.1443539999999999,0.12821417,0.1524013316
2025-02-28,0.1611000827973382,0.1527702139018318,0.1527702139018318,0.1732843661445021,0.1602015798444525,0.14475062,0.150521,0.16657278,0.148899,0.125264,0.1457047474
2025-03-03,0.1648499171467337,0.1644721165773774,0.1644721165773774,0.165516145808387,0.1648281256107654,0.14468012,0.1666059999999999,0.1734418399999999,0.146984,0.12995393,0.1452100124
2025-03-04,0.1928091532236036,0.1951210803969733,0.1951210803969733,0.1891921931280181,0.193076103867074,0.16912681,0.171399,0.17375324,0.193814,0.1180798,0.1748048637
2025-03-05,0.2034687929076953,0.1935497159669385,0.1935497159669385,0.2160410909457027,0.2018639936727753,0.1525695299999999,0.181828,0.16937414,0.202877,0.13613311,0.1641402480999999
2025-03-06,0.1822278528573285,0.1771498619903146,0.1771498619903146,0.1913746339929289,0.182068248260985,0.1565371599999999,0.18687,0.17209505,0.222531,0.14221397,0.17171574319999994
2025-03-07,0.2061295168500523,0.2074449343808382,0.2074449343808382,0.2062817397852,0.2068262165963164,0.14951128,0.180404,0.17815173,0.180705,0.13737388,0.1566858356
2025-03-10,0.1942650725230248,0.1970481042559705,0.1970481042559705,0.1926429078049886,0.1952601592182088,0.15533913,0.191426,0.18068789,0.196634,0.1368577299999999,0.1648369501
2025-03-11,0.2527958993004267,0.2501555786065565,0.2501555786065565,0.2575302356565017,0.2526772724229303,0.15957919,0.195532,0.17758381,0.185895,0.12452037,0.1656318263
2025-03-12,0.1852535073936919,0.186322301323153,0.186322301323153,0.1897093672947409,0.1869094071881798,0.14976137,0.196619,0.18083148,0.184577,0.1345444999999999,0.1577689649
2025-03-13,0.1841819310895035,0.186908964486109,0.186908964486109,0.179922409107618,0.1845026958132908,0.15179633,0.188556,0.1770307,0.185728,0.13959277,0.1596006141
2025-03-14,0.1428154243709979,0.1422220428387867,0.1422220428387867,0.1453409515481026,0.1431559085172976,0.12911124,0.192058,0.17434016,0.180485,0.14209455,0.14092720479999998
2025-03-17,0.1251121079915975,0.1289054957862898,0.1289054957862898,0.1213623074447808,0.1261101729860056,0.12691921,0.1806289999999999,0.16607042,0.180886,0.14097871,0.13933157170000002
2025-03-18,0.1359579740554343,0.1378055365900078,0.1378055365900078,0.1343362104424807,0.1364839917124208,0.14315887,0.180391,0.16477782,0.177221,0.15195123,0.1509931599
2025-03-19,0.1408993802589418,0.140784800449752,0.140784800449752,0.1429223672317281,0.1413507680274747,0.15447617,0.1778819999999999,0.15715019,0.166543,0.14060066,0.15725154090000001
2025-03-20,0.1268955440625829,0.1268588257130247,0.1268588257130247,0.1288641596755807,0.127372263537247,0.14640469,0.1801279999999999,0.15457617,0.161466,0.13889768,0.1498687913
2025-03-21,0.1279878649626357,0.1288005495963126,0.1288005495963126,0.127289985098342,0.1282212901945835,0.12265344,0.1854589999999999,0.15728127,0.187778,0.14256729,0.1376320888
2025-03-24,0.0774573754791863,0.0792381312289808,0.0792381312289808,0.0762904323970556,0.0780660585222152,0.08467551,0.1861199999999999,0.14548542,0.168642,0.15528874,0.10398780269999999
2025-03-25,0.0716698846308241,0.0712516549788444,0.0712516549788444,0.0725091101629962,0.0716724146622564,0.1128064799999999,0.178309,0.12891272,0.158734,0.14716126,0.12336980959999992
2025-03-26,0.1028809288458179,0.1022885949352864,0.1022885949352864,0.105521182145295,0.1032534729551372,0.13267789,0.177914,0.12031386,0.148037,0.14620197,0.13621048530000002
2025-03-27,0.1237189156467263,0.119469126991552,0.119469126991552,0.1306274511085782,0.1234054756485434,0.14203085,0.1779909999999999,0.11508573,0.145255,0.13400513,0.1427724045
2025-03-28,0.122623930783264,0.1207615514632304,0.1207615514632304,0.1267133328098804,0.1227391560751286,0.11968611,0.175174,0.12782984,0.1490729999999999,0.13803735,0.12644509469999998
2025-03-31,0.1605394407768577,0.153232784065828,0.153232784065828,0.1748627613868056,0.1607097302513871,0.14679727,0.18734,0.15642379,0.2076,0.1434639899999999,0.16078189790000003
2025-04-01,0.1533672508305678,0.1526134105663737,0.1526134105663737,0.1570026091853547,0.1539099079719501,0.14693834,0.182275,0.16137316,0.1709649999999999,0.1339259599999999,0.1524644718
2025-04-02,0.1504574639201447,0.1464451464993587,0.1464451464993587,0.1574577560112358,0.1502687219981364,0.15246316,0.191301,0.15726147,0.207313,0.12707002,0.1650786232
2025-04-03,0.2121580050630187,0.2133938640751067,0.2133938640751067,0.2095783993427905,0.2121367524930654,0.16247314,0.2718,0.17052049,0.370402,0.2960371599999999,0.2102967778
2025-04-04,0.3863423113714442,0.3783114253713742,0.3783114253713742,0.4042643915360573,0.3869525645841135,0.26122228,0.300821,0.20558919,0.385476,0.14910987,0.28980063559999997
2025-04-07,0.7675415911667529,0.6926798074690371,0.6926798074690371,0.8868652244436913,0.7640779822519811,0.28263016,0.464167,0.2432159,0.403986,0.15146024,0.3105420032
2025-04-08,0.415306639565098,0.4219968027917823,0.4219968027917823,0.4105826671533981,0.4174986031613235,0.30502599,0.438049,0.22244291,0.4327499999999999,0.25739653,0.3344025123
2025-04-09,0.7152574986144346,0.6363176089587455,0.6363176089587455,0.8494846205809701,0.714670834872552,0.20745756,0.502756,0.24588393,0.4478029999999999,0.4158431199999999,0.2627370112
2025-04-10,0.4974225046372143,0.4901871622492276,0.4901871622492276,0.5150690323928214,0.498320219416576,0.25402679,0.479851,0.24828067,0.338925,0.1847521,0.2735533783
2025-04-11,0.355539119114634,0.3583167957613786,0.3583167957613786,0.3564122340711294,0.3571482878531641,0.16526586,0.454499,0.23177499,0.331137,0.16459619,0.2034162222
2025-04-14,0.2452958021802286,0.2487177983725297,0.2487177983725297,0.2430969826449756,0.2464686896914546,0.14426316,0.415008,0.21919884,0.322503,0.15593677,0.18525832320000002
2025-04-15,0.1924806474681864,0.1963560270066354,0.1963560270066354,0.1909389350373906,0.1940475813084552,0.1439917299999999,0.3839269999999999,0.20048647,0.297671,0.14623174,0.17933796209999991
2025-04-16,0.2005022004752626,0.2036120067316161,0.2036120067316161,0.1997490128428814,0.2018765087235755,0.15277497,0.353949,0.19111675,0.287074,0.13727015,0.18366374690000004
2025-04-17,0.2135617801779155,0.2143927251247854,0.2143927251247854,0.2187130702093621,0.2152745469197585,0.15174587,0.336368,0.18159301,0.267375,0.13571554,0.1783405699
2025-04-21,0.1464952123236966,0.1519569411564552,0.1519569411564552,0.1444535860317522,0.1487527392037291,0.14320926,0.3300639999999999,0.17518395,0.266735,0.1436218,0.17162018020000003
2025-04-22,0.173245862098815,0.1722601708611377,0.1722601708611377,0.1779136060675605,0.1739357014017978,0.14931577,0.3283319999999999,0.16932445,0.261289,0.14730569,0.1750696129
2025-04-23,0.2663852789354756,0.2666166772262773,0.2666166772262773,0.2696958923044476,0.2673321418712054,0.15456414,0.3641,0.17318192,0.398675,0.23011608,0.21070963780000002
2025-04-24,0.1376381828069267,0.1377366953045453,0.1377366953045453,0.1383941469912291,0.1378767599657908,0.14743668,0.338142,0.171974,0.271298,0.13900345,0.1759247836
2025-04-25,0.1600924079265595,0.1582211557886889,0.1582211557886889,0.1653187401045607,0.1604896672559486,0.13076696,0.338493,0.16837078,0.257237,0.14203498,0.15985506919999998
2025-04-28,0.1387068943479514,0.1388229233144699,0.1388229233144699,0.1396898937110823,0.1390112198887356,0.13121367,0.337248,0.16444619,0.257138,0.13920813,0.1601762659
2025-04-29,0.1343254935198092,0.1367407844919974,0.1367407844919974,0.1304823129391113,0.1345966720300452,0.13802101,0.33498,0.15567497,0.257733,0.14400468,0.1655547677
2025-04-30,0.184928517254322,0.1803122428096614,0.1803122428096614,0.1901162605787316,0.1839617887255549,0.15515165,0.3387,0.15487254,0.328167,0.14022143,0.19494518049999998
2025-05-01,0.141707144308312,0.1457854113730163,0.1457854113730163,0.1403713859830423,0.1434327482561219,0.14437918,0.334711,0.15207046,0.286632,0.12180136,0.1770973286
2025-05-02,0.1222617791194688,0.125257454206839,0.125257454206839,0.1218247293031774,0.1236608941541413,0.11890696,0.336223,0.14910522,0.2604619999999999,0.14471499,0.15146461919999998
2025-05-05,0.0978150537432592,0.0978789237539431,0.0978789237539431,0.099034885131065,0.0981532738147082,0.10819899,0.332306,0.14392974,0.266081,0.14600266,0.14451185230000002
2025-05-06,0.1216702313103653,0.1228456197747438,0.1228456197747438,0.1226219930539181,0.1224968274725051,0.13031097,0.3261719999999999,0.14020768,0.261783,0.1418278899999999,0.1605495369
2025-05-07,0.1835494802891249,0.1786751782337474,0.1786751782337474,0.1972197410542229,0.1846860015063576,0.16704137,0.313933,0.13733292,0.25126,0.13069186,0.1864116549
2025-05-08,0.1367257668651387,0.1400714856945178,0.1400714856945178,0.1322651699399684,0.137320840291494,0.12840234,0.2725619999999999,0.1404879,0.24352,0.12409091,0.1548794018
2025-05-09,0.1114313049343714,0.1136935054982219,0.1136935054982219,0.1090365881687764,0.1119802880687184,0.1180832,0.2487089999999999,0.14667119,0.220581,0.14271925,0.141657694
2025-05-12,0.1082729520772051,0.1104469487923108,0.1104469487923108,0.1025862104990182,0.1079861330578194,0.1093758399999999,0.271234,0.14136162,0.374418,0.19182172,0.1703355367999999
2025-05-13,0.0820584701675357,0.079276021122384,0.079276021122384,0.0872571210059736,0.082031659654186,0.11069307,0.220668,0.13368296,0.217971,0.14244558,0.1353669939
2025-05-14,0.0977850121512631,0.0969266722355641,0.0969266722355641,0.0993084816128885,0.0977415504059059,0.10848381,0.213081,0.12519302,0.191001,0.14970188,0.1274627637
2025-05-15,0.094450330992422,0.095065230920289,0.095065230920289,0.0958757894962803,0.0951154933435779,0.09585699,0.2047629999999999,0.1135903899999999,0.193934,0.14029861,0.11841470230000001
2025-05-16,0.0756677863358109,0.0758626843228051,0.0758626843228051,0.0749341154792826,0.0755827845758337,0.07885835,0.200924,0.1163243499999999,0.187384,0.13862286,0.1038192495
2025-05-19,0.0860600008828099,0.0889924206267614,0.0889924206267614,0.0813311803139394,0.0864007906520951,0.07890138,0.184644,0.13305123,0.200806,0.1416106899999999,0.1069394426
2025-05-20,0.088922590514725,0.0921952821565019,0.0921952821565019,0.0836198296024569,0.0893020759983039,0.1076162899999999,0.177865,0.1285719699999999,0.15106,0.13887557,0.11760834329999992
2025-05-21,0.1442451897213529,0.1442713326551251,0.1442713326551251,0.1479678507409365,0.1451977913595905,0.14307788,0.184381,0.13905407,0.184589,0.14137895,0.1526254376
2025-05-22,0.121744956512042,0.121588668399923,0.121588668399923,0.122864390290411,0.121947838648422,0.13756982,0.178593,0.14487951,0.150631,0.1309444,0.1405738914
2025-05-23,0.1342202794956644,0.1358483899161856,0.1358483899161856,0.1304548030529232,0.1341110632583227,0.12682642,0.179868,0.15463945,0.189609,0.12255653,0.1412664134
2025-05-27,0.0705587520995221,0.0715103289299811,0.0715103289299811,0.070630729210281,0.0710540141265186,0.0846129299999999,0.179017,0.15510239,0.166901,0.15046352,0.10353918609999993
2025-05-28,0.0819883067692806,0.0873818394196174,0.0873818394196174,0.0783682825084965,0.0838672192679249,0.1075639299999999,0.170677,0.14531834,0.1559559999999999,0.12592448,0.1186941060999999
2025-05-29,0.1222917061961856,0.1179169435964041,0.1179169435964041,0.1289087317390478,0.1218416325575735,0.10443583,0.177541,0.13525451,0.149281,0.1265021,0.1147502191
2025-05-30,0.1315376510324666,0.1328029492169483,0.1328029492169483,0.1317217761048417,0.1322176487659568,0.1336905,0.175167,0.13531226,0.155358,0.12240403,0.13867402499999998
2025-06-02,0.1028861081735597,0.1046877991178462,0.1046877991178462,0.1072817945347386,0.1048975753556444,0.1186850699999999,0.164025,0.13031087,0.153771,0.14797433,0.12675483389999992
2025-06-03,0.0726060265224181,0.0739195637100344,0.0739195637100344,0.0743014856405313,0.0736894660957858,0.1195874599999999,0.155721,0.12973787,0.142569,0.13477991,0.12487321419999992
2025-06-04,0.0745933481428209,0.0778590470013304,0.0778590470013304,0.0732828016863225,0.0759252905988244,0.11305426,0.152849,0.11609268,0.132056,0.13365608,0.1174246602
2025-06-05,0.1388849683378497,0.1416298302147113,0.1416298302147113,0.1348382072854339,0.1392734667726152,0.14700453,0.154934,0.10735941,0.145335,0.11513586,0.1466205381
2025-06-06,0.1477593123923567,0.081341812191189,0.081341812191189,0.0920418280081899,0.1043282000741465,0.11561501,0.15804,0.09548882,0.160629,0.1543440999999999,0.1259682277
2025-06-09,0.0564489885514076,0.0589691253517031,0.0589691253517031,0.058016961630804,0.0581101790455788,0.10095625,0.147445,0.0883495,0.13712,0.1393186,0.1092739125
2025-06-10,0.0725487849281833,0.0781692673420269,0.0781692673420269,0.0673733984858874,0.0742013640906832,0.1188207,0.145845,0.08713282,0.124475,0.14245273,0.12012118900000002
2025-06-11,0.1002253085762416,0.1015668698697459,0.1015668698697459,0.103987413847351,0.1018456587539927,0.14152723,0.147734,0.08966511,0.125722,0.13806114,0.1378920271
2025-06-12,0.077384029731385,0.0823619490673351,0.0823619490673351,0.07681008724718,0.0797732080161126,0.1127712999999999,0.128253,0.08435497,0.128689,0.12373273,0.11643237099999992
2025-06-13,0.1216575847468813,0.1296492750705039,0.1296492750705039,0.119549277916322,0.1252102899419343,0.14108903,0.135825,0.0954107499999999,0.163008,0.12010268,0.1461303931
2025-06-16,0.0785112084271513,0.0858094103772598,0.0858094103772598,0.0729721478761462,0.0809559355960631,0.10467672,0.134957,0.10133151,0.130179,0.1367609099999999,0.1105422444
2025-06-17,0.0938956873660919,0.1061350619138876,0.1061350619138876,0.0804833059336891,0.097241021918345,0.1369995199999999,0.133335,0.1020327299999999,0.123449,0.13594999,0.13388290039999992
2025-06-18,0.1073615084442057,0.1073391210867366,0.1073391210867366,0.1109634613815602,0.1082621322168311,0.14576021,0.134763,0.09903651,0.118924,0.15217201,0.1395878817
2025-06-20,0.0988764963875729,0.1037462957833445,0.1037462957833445,0.0984155880454396,0.1012284264494685,0.15403091,0.143079,0.16489923,0.12823,0.13197181,0.1480967007
