datetime,open,high,low,close,volume
2022-05-31 13:30:00,413.527,413.877,413.447,413.607,8.4084
2022-05-31 13:31:00,413.626,413.817,413.067,413.097,8.4216
2022-05-31 13:32:00,413.087,413.237,412.097,412.436,8.2236
2022-05-31 13:33:00,412.457,412.477,411.546,411.566,7.9596
2022-05-31 13:34:00,411.577,411.726,411.326,411.346,7.8276
2022-05-31 13:35:00,411.336,411.877,411.276,411.607,7.9068
2022-05-31 13:36:00,411.606,411.707,411.396,411.407,7.2733
2022-05-31 13:37:00,411.407,411.417,410.967,411.057,7.7484
2022-05-31 13:38:00,411.077,411.266,410.756,410.837,8.514
2022-05-31 13:39:00,410.846,411.226,410.747,410.887,7.6032
2022-05-31 13:40:00,410.917,410.986,410.416,410.437,7.6428
2022-05-31 13:41:00,410.436,410.697,410.436,410.576,8.0124
2022-05-31 13:42:00,410.587,410.717,410.236,410.266,7.0884
2022-05-31 13:43:00,410.257,410.476,410.226,410.307,6.7056
2022-05-31 13:44:00,410.336,410.477,410.247,410.377,5.9796
2022-05-31 13:45:00,410.367,411.287,410.326,411.227,7.7088
2022-05-31 13:46:00,411.206,411.437,411.056,411.117,7.8408
2022-05-31 13:47:00,411.137,411.337,410.856,411.036,7.602
2022-05-31 13:48:00,411.056,411.197,410.706,410.717,7.9596
2022-05-31 13:49:00,410.667,410.987,410.497,410.586,8.1048
2022-05-31 13:50:00,410.617,411.167,410.536,411.076,7.5372
2022-05-31 13:51:00,411.067,411.156,410.707,410.976,7.1016
2022-05-31 13:52:00,410.997,411.156,410.746,410.827,7.788
2022-05-31 13:53:00,410.817,411.237,410.716,411.157,8.2896
2022-05-31 13:54:00,411.146,411.477,411.057,411.307,7.3656
2022-05-31 13:55:00,411.266,411.697,411.167,411.546,7.5768
2022-05-31 13:56:00,411.537,411.856,411.386,411.746,7.7616
2022-05-31 13:57:00,411.727,411.907,411.606,411.717,7.986
2022-05-31 13:58:00,411.727,411.797,411.256,411.256,6.996
2022-05-31 13:59:00,411.257,411.506,411.116,411.197,6.4549
2022-05-31 14:00:00,411.157,411.586,410.996,411.326,7.0752
2022-05-31 14:01:00,411.337,411.396,410.596,410.706,8.0652
2022-05-31 14:02:00,410.726,411.357,410.717,411.137,8.1972
2022-05-31 14:03:00,411.126,411.207,410.887,411.107,7.458
2022-05-31 14:04:00,411.096,411.116,410.337,410.366,7.7088
2022-05-31 14:05:00,410.356,410.596,410.257,410.427,7.3524
2022-05-31 14:06:00,410.407,410.547,410.246,410.406,7.3656
2022-05-31 14:07:00,410.417,410.946,410.366,410.826,7.4976
2022-05-31 14:08:00,410.837,410.997,410.466,410.467,7.8936
2022-05-31 14:09:00,410.457,410.556,410.046,410.067,7.194
2022-05-31 14:10:00,410.057,410.377,410.016,410.127,7.4976
2022-05-31 14:11:00,410.117,410.247,410.036,410.176,6.468
2022-05-31 14:12:00,410.177,410.327,410.057,410.197,6.6264
2022-05-31 14:13:00,410.207,410.546,410.086,410.416,6.336
2022-05-31 14:14:00,410.426,411.196,410.336,411.107,6.9816
2022-05-31 14:15:00,411.137,411.457,411.086,411.337,8.0256
2022-05-31 14:16:00,411.337,411.637,411.186,411.247,7.062
2022-05-31 14:17:00,411.247,411.567,411.196,411.266,6.8256
2022-05-31 14:18:00,411.246,411.616,411.206,411.526,7.3657
2022-05-31 14:19:00,411.496,411.877,411.366,411.856,6.7716
2022-05-31 14:20:00,411.856,412.607,411.846,412.517,7.722
2022-05-31 14:21:00,412.507,412.927,412.457,412.906,6.9564
2022-05-31 14:22:00,412.916,413.047,412.666,412.686,6.9432
2022-05-31 14:23:00,412.696,412.757,412.287,412.397,6.4548
2022-05-31 14:24:00,412.396,412.466,412.086,412.296,6.732
2022-05-31 14:25:00,412.307,412.317,412.016,412.077,6.2964
2022-05-31 14:26:00,412.066,412.136,411.776,412.007,6.0456
2022-05-31 14:27:00,412.017,412.257,411.936,412.226,6.732
2022-05-31 14:28:00,412.247,412.547,411.936,411.936,6.996
2022-05-31 14:29:00,411.946,411.987,411.647,411.777,6.0984
2022-05-31 14:30:00,411.767,412.237,411.597,412.237,7.194
2022-05-31 14:31:00,412.217,412.916,412.217,412.846,6.6792
2022-05-31 14:32:00,412.847,412.957,412.446,412.586,6.4812
2022-05-31 14:33:00,412.606,412.827,412.407,412.446,6.4944
2022-05-31 14:34:00,412.426,412.477,412.216,412.216,6.2964
2022-05-31 14:35:00,412.207,412.506,412.087,412.397,7.458
2022-05-31 14:36:00,412.386,412.596,412.166,412.327,6.7848
2022-05-31 14:37:00,412.327,412.426,411.847,411.867,6.8509
2022-05-31 14:38:00,411.876,412.187,411.836,412.017,7.1016
2022-05-31 14:39:00,412.027,412.407,411.976,412.237,6.8904
2022-05-31 14:40:00,412.227,412.717,412.077,412.676,6.9432
2022-05-31 14:41:00,412.687,412.866,412.227,412.397,7.8144
2022-05-31 14:42:00,412.397,412.776,412.176,412.736,6.7056
2022-05-31 14:43:00,412.756,413.217,412.676,412.846,7.8804
2022-05-31 14:44:00,412.846,413.057,412.587,413.057,7.3656
2022-05-31 14:45:00,413.067,413.077,412.716,413.077,7.3272
2022-05-31 14:46:00,413.077,413.457,412.816,413.426,7.458
2022-05-31 14:47:00,413.427,413.457,412.926,413.087,6.996
2022-05-31 14:48:00,413.076,413.087,412.837,412.947,7.1809
2022-05-31 14:49:00,412.956,413.047,412.547,412.617,7.1412
2022-05-31 14:50:00,412.616,412.937,412.517,412.787,7.128
2022-05-31 14:51:00,412.807,413.197,412.716,413.076,6.2568
2022-05-31 14:52:00,413.097,413.097,412.756,412.777,6.4944
2022-05-31 14:53:00,412.787,413.196,412.746,412.776,7.1136
2022-05-31 14:54:00,412.787,413.096,412.757,413.086,7.2997
2022-05-31 14:55:00,413.086,413.227,412.936,412.967,6.4536
2022-05-31 14:56:00,412.957,413.087,412.626,412.796,6.1104
2022-05-31 14:57:00,412.786,412.957,412.546,412.717,6.732
2022-05-31 14:58:00,412.707,413.186,412.577,413.176,5.9796
2022-05-31 14:59:00,413.186,413.237,412.876,412.906,6.3888
2022-05-31 15:00:00,412.887,413.336,412.787,413.116,7.2072
2022-05-31 15:01:00,413.127,413.497,413.026,413.207,7.0621
2022-05-31 15:02:00,413.216,413.426,412.956,413.237,5.5837
2022-05-31 15:03:00,413.247,413.477,413.177,413.477,6.4021
2022-05-31 15:04:00,413.476,413.556,413.276,413.447,6.9565
2022-05-31 15:05:00,413.446,413.557,413.016,413.056,7.1544
2022-05-31 15:06:00,413.066,413.097,412.776,412.896,7.1148
2022-05-31 15:07:00,412.906,412.937,412.567,412.707,6.666
2022-05-31 15:08:00,412.716,412.716,412.036,412.077,7.4052
2022-05-31 15:09:00,412.067,412.406,411.936,412.277,6.9037
2022-05-31 15:10:00,412.277,412.316,412.036,412.206,6.4285
2022-05-31 15:11:00,412.206,412.437,412.096,412.187,7.2732
2022-05-31 15:12:00,412.196,412.267,411.887,412.106,7.3128
2022-05-31 15:13:00,412.106,412.177,411.887,412.067,6.9445
2022-05-31 15:14:00,412.077,412.097,411.547,411.606,7.5109
2022-05-31 15:15:00,411.616,411.877,411.437,411.787,7.5504
2022-05-31 15:16:00,411.816,411.896,411.536,411.627,6.9553
2022-05-31 15:17:00,411.626,411.857,411.467,411.636,7.1809
2022-05-31 15:18:00,411.647,411.727,411.466,411.596,6.5473
2022-05-31 15:19:00,411.607,411.867,411.526,411.557,6.4681
2022-05-31 15:20:00,411.566,411.866,411.386,411.607,6.6529
2022-05-31 15:21:00,411.617,411.816,411.507,411.647,5.9797
2022-05-31 15:22:00,411.647,412.087,411.606,412.086,5.8476
2022-05-31 15:23:00,412.097,412.137,411.736,411.767,5.7288
2022-05-31 15:24:00,411.766,411.797,411.526,411.727,6.5868
2022-05-31 15:25:00,411.736,411.867,411.477,411.867,6.8112
2022-05-31 15:26:00,411.866,412.126,411.706,412.126,6.9828
2022-05-31 15:27:00,412.116,412.157,411.956,412.156,6.2172
2022-05-31 15:28:00,412.156,412.197,411.896,411.987,6.2964
2022-05-31 15:29:00,411.967,412.107,411.627,411.627,6.402
2022-05-31 15:30:00,411.627,411.697,411.336,411.417,7.6284
2022-05-31 15:31:00,411.406,411.677,411.236,411.516,7.1412
2022-05-31 15:32:00,411.506,411.807,411.477,411.707,6.2172
2022-05-31 15:33:00,411.707,411.897,411.696,411.806,6.6132
2022-05-31 15:34:00,411.817,411.947,411.557,411.557,6.7716
2022-05-31 15:35:00,411.587,411.847,411.427,411.677,7.2204
2022-05-31 15:36:00,411.676,412.246,411.596,412.157,7.3656
2022-05-31 15:37:00,412.157,412.417,412.126,412.266,7.3524
2022-05-31 15:38:00,412.277,412.386,412.137,412.206,5.9664
2022-05-31 15:39:00,412.216,412.607,412.137,412.587,6.4152
2022-05-31 15:40:00,412.597,412.636,412.246,412.326,6.5604
2022-05-31 15:41:00,412.337,412.597,412.266,412.487,6.402
2022-05-31 15:42:00,412.516,412.796,412.417,412.786,5.8212
2022-05-31 15:43:00,412.786,412.987,412.686,412.696,6.3348
2022-05-31 15:44:00,412.707,412.817,412.607,412.777,5.9928
2022-05-31 15:45:00,412.747,413.007,412.736,412.947,5.7553
2022-05-31 15:46:00,412.957,413.097,412.936,412.987,5.0544
2022-05-31 15:47:00,412.987,413.087,412.937,413.006,5.1744
2022-05-31 15:48:00,412.997,413.406,412.986,413.267,5.7156
2022-05-31 15:49:00,413.257,413.497,413.226,413.386,5.3856
2022-05-31 15:50:00,413.357,413.547,413.346,413.506,4.3428
2022-05-31 15:51:00,413.497,414.157,413.466,414.157,5.8212
2022-05-31 15:52:00,414.137,414.137,413.826,413.946,6.072
2022-05-31 15:53:00,413.936,414.326,413.936,414.296,5.7288
2022-05-31 15:54:00,414.306,414.357,414.166,414.217,4.488
2022-05-31 15:55:00,414.226,414.596,414.207,414.506,4.6992
2022-05-31 15:56:00,414.516,414.867,414.426,414.666,5.9268
2022-05-31 15:57:00,414.676,414.676,414.426,414.467,4.554
2022-05-31 15:58:00,414.477,414.567,414.436,414.547,5.082
2022-05-31 15:59:00,414.557,414.677,414.496,414.576,5.3592
2022-05-31 16:00:00,414.586,414.767,414.557,414.707,4.686
2022-05-31 16:01:00,414.707,415.037,414.666,414.996,5.9136
2022-05-31 16:02:00,415.006,415.217,414.846,415.197,5.3592
2022-05-31 16:03:00,415.196,415.547,415.196,415.456,5.1612
2022-05-31 16:04:00,415.466,415.527,415.316,415.507,5.4912
2022-05-31 16:05:00,415.517,415.527,415.187,415.207,5.3592
2022-05-31 16:06:00,415.206,415.246,415.036,415.086,5.874
2022-05-31 16:07:00,415.076,415.367,415.076,415.086,5.3328
2022-05-31 16:08:00,415.076,415.086,414.946,415.027,5.346
2022-05-31 16:09:00,415.026,415.067,414.856,414.887,5.6364
2022-05-31 16:10:00,414.887,415.037,414.837,414.936,5.2008
2022-05-31 16:11:00,414.947,415.087,414.916,415.007,5.2272
2022-05-31 16:12:00,414.977,415.026,414.846,414.847,5.2668
2022-05-31 16:13:00,414.847,414.986,414.836,414.867,4.4616
2022-05-31 16:14:00,414.856,414.857,414.276,414.306,5.9136
2022-05-31 16:15:00,414.317,414.467,414.056,414.107,6.9168
2022-05-31 16:16:00,414.116,414.307,414.056,414.097,6.1512
2022-05-31 16:17:00,414.087,414.277,414.067,414.126,5.6628
2022-05-31 16:18:00,414.136,414.217,413.707,413.707,5.7288
2022-05-31 16:19:00,413.687,414.156,413.656,414.146,6.5736
2022-05-31 16:20:00,414.146,414.217,413.917,414.047,5.874
2022-05-31 16:21:00,414.056,414.106,413.606,413.677,6.072
2022-05-31 16:22:00,413.686,413.707,413.476,413.626,6.2304
2022-05-31 16:23:00,413.607,413.727,413.516,413.557,5.3844
2022-05-31 16:24:00,413.547,413.846,413.496,413.786,6.3096
2022-05-31 16:25:00,413.786,413.987,413.737,413.956,5.9664
2022-05-31 16:26:00,413.946,413.997,413.806,413.936,5.3856
2022-05-31 16:27:00,413.926,414.217,413.926,414.206,5.1348
2022-05-31 16:28:00,414.206,414.286,414.027,414.116,5.6496
2022-05-31 16:29:00,414.127,414.347,414.076,414.336,4.5276
2022-05-31 16:30:00,414.347,414.387,414.106,414.256,5.3197
2022-05-31 16:31:00,414.267,414.387,414.156,414.217,3.7356
2022-05-31 16:32:00,414.207,414.396,414.047,414.396,5.2272
2022-05-31 16:33:00,414.386,414.477,414.326,414.406,5.3724
2022-05-31 16:34:00,414.396,414.487,414.286,414.466,5.3064
2022-05-31 16:35:00,414.476,414.867,414.466,414.857,5.346
2022-05-31 16:36:00,414.867,414.916,414.606,414.646,4.9236
2022-05-31 16:37:00,414.647,414.677,414.466,414.657,4.8312
2022-05-31 16:38:00,414.667,415.227,414.666,415.116,5.2272
2022-05-31 16:39:00,415.126,415.257,414.946,415.187,4.9632
2022-05-31 16:40:00,415.197,415.317,415.106,415.316,4.9632
2022-05-31 16:41:00,415.307,415.466,415.206,415.447,5.1612
2022-05-31 16:42:00,415.446,415.487,415.346,415.447,5.9004
2022-05-31 16:43:00,415.447,415.657,415.386,415.626,4.752
2022-05-31 16:44:00,415.616,415.627,415.226,415.256,4.884
2022-05-31 16:45:00,415.246,415.536,415.156,415.187,5.3724
2022-05-31 16:46:00,415.186,415.187,414.957,415.036,5.5308
2022-05-31 16:47:00,415.026,415.147,414.966,415.057,4.0788
2022-05-31 16:48:00,415.057,415.177,415.026,415.146,3.762
2022-05-31 16:49:00,415.167,415.227,415.046,415.197,4.0524
2022-05-31 16:50:00,415.207,415.316,415.126,415.316,4.2636
2022-05-31 16:51:00,415.316,415.527,415.267,415.276,5.0952
2022-05-31 16:52:00,415.287,415.527,415.177,415.477,4.5276
2022-05-31 16:53:00,415.466,415.497,415.296,415.416,4.2372
2022-05-31 16:54:00,415.417,415.637,415.387,415.527,4.2768
2022-05-31 16:55:00,415.527,415.617,415.416,415.477,3.5376
2022-05-31 16:56:00,415.497,415.757,415.496,415.567,4.6728
2022-05-31 16:57:00,415.567,415.567,415.176,415.236,5.3064
2022-05-31 16:58:00,415.227,415.377,415.167,415.276,5.4516
2022-05-31 16:59:00,415.267,415.287,415.056,415.146,5.2009
2022-05-31 17:00:00,415.146,415.356,415.016,415.197,5.6496
2022-05-31 17:01:00,415.217,415.267,414.996,415.007,5.5176
2022-05-31 17:02:00,414.996,415.017,414.506,414.597,6.2832
2022-05-31 17:03:00,414.577,414.577,414.207,414.256,5.6496
2022-05-31 17:04:00,414.277,414.617,414.276,414.506,5.9664
2022-05-31 17:05:00,414.506,414.787,414.506,414.766,4.6068
2022-05-31 17:06:00,414.757,415.077,414.717,415.036,5.1612
2022-05-31 17:07:00,415.046,415.387,414.817,415.266,5.808
2022-05-31 17:08:00,415.276,415.557,415.276,415.437,5.3856
2022-05-31 17:09:00,415.446,415.617,415.436,415.447,5.0689
2022-05-31 17:10:00,415.436,415.447,415.026,415.076,5.7948
2022-05-31 17:11:00,415.066,415.236,414.917,415.207,5.2404
2022-05-31 17:12:00,415.186,415.307,414.996,415.077,4.7784
2022-05-31 17:13:00,415.066,415.066,414.806,414.926,4.6465
2022-05-31 17:14:00,414.906,414.956,414.786,414.917,4.8048
2022-05-31 17:15:00,414.926,414.926,414.507,414.507,5.4384
2022-05-31 17:16:00,414.497,414.537,414.156,414.346,6.3228
2022-05-31 17:17:00,414.356,414.406,413.896,413.896,5.6892
2022-05-31 17:18:00,413.897,414.127,413.857,414.067,5.3856
2022-05-31 17:19:00,414.076,414.207,414.037,414.176,4.488
2022-05-31 17:20:00,414.176,414.277,414.026,414.187,4.9104
2022-05-31 17:21:00,414.187,414.256,414.066,414.106,4.1977
2022-05-31 17:22:00,414.117,414.237,413.816,413.866,5.28
2022-05-31 17:23:00,413.857,414.127,413.856,413.867,5.3328
2022-05-31 17:24:00,413.876,414.106,413.806,413.936,4.4484
2022-05-31 17:25:00,413.966,414.227,413.886,414.186,5.082
2022-05-31 17:26:00,414.185,414.317,414.106,414.177,4.7784
2022-05-31 17:27:00,414.157,414.336,414.106,414.216,4.5276
2022-05-31 17:28:00,414.217,414.217,413.686,413.696,5.5836
2022-05-31 17:29:00,413.686,414.077,413.596,413.947,5.5836
2022-05-31 17:30:00,413.936,414.127,413.826,414.067,4.8576
2022-05-31 17:31:00,414.077,414.087,413.876,413.977,4.5144
2022-05-31 17:32:00,413.987,414.066,413.896,414.057,4.3692
2022-05-31 17:33:00,414.076,414.537,414.026,414.456,6.1116
2022-05-31 17:34:00,414.447,414.947,414.386,414.936,6.798
2022-05-31 17:35:00,414.936,415.146,414.736,415.116,6.402
2022-05-31 17:36:00,415.107,415.176,414.977,415.146,5.5968
2022-05-31 17:37:00,415.156,415.226,414.776,414.776,5.3592
2022-05-31 17:38:00,414.787,414.827,414.416,414.647,5.742
2022-05-31 17:39:00,414.657,414.717,414.486,414.666,5.5836
2022-05-31 17:40:00,414.676,414.807,414.566,414.807,5.5176
2022-05-31 17:41:00,414.807,415.086,414.717,414.736,6.3624
2022-05-31 17:42:00,414.746,415.027,414.686,414.837,6.0324
2022-05-31 17:43:00,414.837,415.126,414.837,414.936,6.006
2022-05-31 17:44:00,414.946,415.207,414.926,415.177,5.4648
2022-05-31 17:45:00,415.176,415.257,414.936,415.066,5.7816
2022-05-31 17:46:00,415.076,415.157,414.876,415.116,5.8476
2022-05-31 17:47:00,415.136,415.357,415.086,415.097,6.7716
2022-05-31 17:48:00,415.076,415.127,414.687,414.966,6.7057
2022-05-31 17:49:00,414.957,415.096,414.936,414.976,5.9532
2022-05-31 17:50:00,414.977,415.347,414.866,415.317,5.688
2022-05-31 17:51:00,415.327,415.507,415.186,415.477,5.8344
2022-05-31 17:52:00,415.467,415.797,415.396,415.797,5.742
2022-05-31 17:53:00,415.806,415.947,415.706,415.936,5.7948
2022-05-31 17:54:00,415.946,415.977,415.636,415.647,5.3064
2022-05-31 17:55:00,415.656,416.037,415.596,416.006,5.1216
2022-05-31 17:56:00,416.017,416.187,416.006,416.086,4.6332
2022-05-31 17:57:00,416.106,416.137,415.736,415.737,4.9236
2022-05-31 17:58:00,415.746,416.066,415.736,416.047,4.4352
2022-05-31 17:59:00,416.027,416.317,416.027,416.217,4.6332
2022-05-31 18:00:00,416.206,416.226,415.716,416.066,6.9828
2022-05-31 18:01:00,416.076,416.407,416.017,416.387,6.4416
2022-05-31 18:02:00,416.386,416.447,416.206,416.337,5.2932
2022-05-31 18:03:00,416.337,416.337,415.936,415.936,6.1908
2022-05-31 18:04:00,415.917,416.007,415.806,415.827,6.0457
2022-05-31 18:05:00,415.817,415.826,415.447,415.626,6.6396
2022-05-31 18:06:00,415.626,415.876,415.617,415.676,6.6132
2022-05-31 18:07:00,415.667,415.787,415.457,415.787,5.6365
2022-05-31 18:08:00,415.777,415.787,415.436,415.736,5.61
2022-05-31 18:09:00,415.727,416.027,415.707,415.936,5.1876
2022-05-31 18:10:00,415.926,416.157,415.826,415.927,5.4384
2022-05-31 18:11:00,415.937,416.087,415.766,415.846,5.3856
2022-05-31 18:12:00,415.857,416.006,415.726,415.946,6.6924
2022-05-31 18:13:00,415.936,415.957,415.646,415.766,6.072
2022-05-31 18:14:00,415.767,416.086,415.666,415.887,6.0324
2022-05-31 18:15:00,415.896,416.067,415.806,415.996,6.6132
2022-05-31 18:16:00,415.987,416.017,415.796,416.006,6.0192
2022-05-31 18:17:00,416.006,416.037,415.806,415.817,5.0556
2022-05-31 18:18:00,415.827,415.967,415.787,415.956,6.1512
2022-05-31 18:19:00,415.947,416.197,415.826,416.186,5.7684
2022-05-31 18:20:00,416.196,416.337,416.017,416.207,6.1644
2022-05-31 18:21:00,416.197,416.216,415.646,415.647,5.3724
2022-05-31 18:22:00,415.656,415.777,415.246,415.267,6.5208
2022-05-31 18:23:00,415.256,415.617,415.226,415.557,7.0884
2022-05-31 18:24:00,415.566,415.727,415.486,415.586,6.3625
2022-05-31 18:25:00,415.586,415.627,415.286,415.326,5.9928
2022-05-31 18:26:00,415.337,415.357,414.966,415.107,6.4812
2022-05-31 18:27:00,415.106,415.327,415.047,415.177,5.8344
2022-05-31 18:28:00,415.176,415.297,415.067,415.136,6.0852
2022-05-31 18:29:00,415.157,415.416,415.126,415.416,5.9928
2022-05-31 18:30:00,415.427,415.617,415.186,415.616,6.3096
2022-05-31 18:31:00,415.607,415.646,415.467,415.556,5.9796
2022-05-31 18:32:00,415.556,415.597,415.306,415.317,5.5968
2022-05-31 18:33:00,415.286,415.367,415.027,415.216,6.0588
2022-05-31 18:34:00,415.207,415.337,415.077,415.137,4.752
2022-05-31 18:35:00,415.126,415.277,415.106,415.177,4.8577
2022-05-31 18:36:00,415.176,415.227,414.996,415.016,5.6628
2022-05-31 18:37:00,415.007,415.417,415.006,415.406,5.8212
2022-05-31 18:38:00,415.416,415.537,415.157,415.477,6.0456
2022-05-31 18:39:00,415.486,415.547,415.226,415.307,5.6892
2022-05-31 18:40:00,415.286,415.366,415.106,415.156,5.082
2022-05-31 18:41:00,415.157,415.157,414.577,414.586,6.0456
2022-05-31 18:42:00,414.576,414.576,414.336,414.346,6.0984
2022-05-31 18:43:00,414.357,414.577,414.186,414.457,5.8608
2022-05-31 18:44:00,414.467,414.467,414.217,414.247,5.8476
2022-05-31 18:45:00,414.236,414.236,413.756,413.767,6.336
2022-05-31 18:46:00,413.746,413.906,413.566,413.597,6.534
2022-05-31 18:47:00,413.596,413.746,413.417,413.607,6.2832
2022-05-31 18:48:00,413.597,413.607,413.017,413.237,6.3228
2022-05-31 18:49:00,413.226,413.497,413.117,413.437,5.9269
2022-05-31 18:50:00,413.447,413.597,413.327,413.397,6.6396
2022-05-31 18:51:00,413.387,413.657,413.376,413.656,5.5969
2022-05-31 18:52:00,413.646,413.726,413.246,413.307,6.4548
2022-05-31 18:53:00,413.296,413.337,412.906,413.167,6.9828
2022-05-31 18:54:00,413.176,413.236,412.656,412.716,7.0488
2022-05-31 18:55:00,412.727,412.727,412.307,412.346,7.26
2022-05-31 18:56:00,412.327,412.877,412.227,412.736,6.7056
2022-05-31 18:57:00,412.737,412.986,412.676,412.877,6.3756
2022-05-31 18:58:00,412.886,413.186,412.847,413.136,6.7056
2022-05-31 18:59:00,413.147,413.287,412.896,413.026,6.2701
2022-05-31 19:00:00,413.027,413.057,412.756,412.857,6.6132
2022-05-31 19:01:00,412.866,413.137,412.787,412.846,7.1017
2022-05-31 19:02:00,412.826,412.826,412.396,412.427,7.1533
2022-05-31 19:03:00,412.417,412.577,412.056,412.156,6.5737
2022-05-31 19:04:00,412.136,412.827,412.096,412.726,6.8905
2022-05-31 19:05:00,412.717,412.787,412.466,412.636,6.9564
2022-05-31 19:06:00,412.647,412.806,412.296,412.787,6.5209
2022-05-31 19:07:00,412.777,413.277,412.767,413.087,7.0884
2022-05-31 19:08:00,413.096,413.207,412.866,413.196,6.8905
2022-05-31 19:09:00,413.196,413.606,413.196,413.496,6.0588
2022-05-31 19:10:00,413.476,413.586,413.117,413.307,6.1248
2022-05-31 19:11:00,413.316,413.427,413.066,413.226,5.9796
2022-05-31 19:12:00,413.206,413.207,412.836,413.046,6.1776
2022-05-31 19:13:00,413.036,413.297,412.926,413.276,6.5076
2022-05-31 19:14:00,413.296,413.527,413.266,413.507,6.3097
2022-05-31 19:15:00,413.506,414.057,413.456,414.016,7.3656
2022-05-31 19:16:00,414.017,414.417,414.017,414.367,7.1676
2022-05-31 19:17:00,414.367,414.477,414.196,414.356,6.4681
2022-05-31 19:18:00,414.336,414.537,413.886,413.996,6.7584
2022-05-31 19:19:00,413.987,413.997,413.436,413.546,6.6925
2022-05-31 19:20:00,413.556,413.907,413.506,413.876,6.4681
2022-05-31 19:21:00,413.876,413.877,413.716,413.797,5.676
2022-05-31 19:22:00,413.767,414.126,413.766,414.126,6.0588
2022-05-31 19:23:00,414.116,414.477,414.107,414.436,5.4516
2022-05-31 19:24:00,414.436,414.447,414.026,414.247,5.7552
2022-05-31 19:25:00,414.246,414.397,414.197,414.356,6.138
2022-05-31 19:26:00,414.347,414.407,413.936,413.976,5.9664
2022-05-31 19:27:00,413.987,414.257,413.926,414.146,6.0192
2022-05-31 19:28:00,414.146,414.506,414.136,414.476,6.0456
2022-05-31 19:29:00,414.466,414.466,414.257,414.287,5.3196
2022-05-31 19:30:00,414.297,414.897,414.286,414.897,5.4252
2022-05-31 19:31:00,414.906,415.046,414.667,414.867,5.3329
2022-05-31 19:32:00,414.867,415.166,414.856,415.056,5.1216
2022-05-31 19:33:00,415.056,415.246,414.907,415.176,5.9004
2022-05-31 19:34:00,415.176,415.237,414.986,415.046,5.1084
2022-05-31 19:35:00,415.027,415.137,414.726,414.727,5.4384
2022-05-31 19:36:00,414.716,414.807,414.496,414.706,5.874
2022-05-31 19:37:00,414.686,414.857,414.616,414.746,5.0424
2022-05-31 19:38:00,414.756,415.027,414.726,414.907,5.214
2022-05-31 19:39:00,414.907,415.027,414.746,414.776,4.8576
2022-05-31 19:40:00,414.766,415.007,414.686,414.956,5.2668
2022-05-31 19:41:00,414.956,415.096,414.846,414.846,4.5144
2022-05-31 19:42:00,414.847,414.857,414.346,414.616,6.3756
2022-05-31 19:43:00,414.616,414.637,414.346,414.347,5.5836
2022-05-31 19:44:00,414.357,414.376,413.866,413.917,6.1776
2022-05-31 19:45:00,413.917,414.107,413.686,414.057,7.2336
2022-05-31 19:46:00,414.067,414.437,414.006,414.307,6.402
2022-05-31 19:47:00,414.297,414.377,413.786,413.886,6.5077
2022-05-31 19:48:00,413.866,414.036,413.757,413.806,6.5604
2022-05-31 19:49:00,413.797,413.957,413.537,413.916,6.3757
2022-05-31 19:50:00,413.897,415.066,413.546,414.706,8.0377
2022-05-31 19:51:00,414.727,414.906,414.386,414.786,7.6693
2022-05-31 19:52:00,414.777,414.957,414.446,414.557,7.194
2022-05-31 19:53:00,414.557,414.557,414.036,414.136,7.062
2022-05-31 19:54:00,414.146,414.357,413.456,413.476,7.0465
2022-05-31 19:55:00,413.467,413.637,412.846,412.957,7.6297
2022-05-31 19:56:00,412.947,413.077,412.646,412.786,6.93
2022-05-31 19:57:00,412.766,412.817,412.566,412.817,6.414
2022-05-31 19:58:00,412.806,412.927,412.687,412.857,7.1148
2022-05-31 19:59:00,412.856,412.867,412.426,412.626,7.1017
2022-06-01 13:30:00,415.117,415.587,415.026,415.577,6.6792
2022-06-01 13:31:00,415.537,415.937,415.426,415.847,7.6824
2022-06-01 13:32:00,415.857,416.177,415.657,415.676,8.0388
2022-06-01 13:33:00,415.667,416.017,415.367,415.367,7.92
2022-06-01 13:34:00,415.377,415.687,415.376,415.566,7.2996
2022-06-01 13:35:00,415.567,415.816,415.376,415.387,7.8804
2022-06-01 13:36:00,415.407,416.036,415.347,415.796,7.8012
2022-06-01 13:37:00,415.807,416.177,415.776,416.046,8.118
2022-06-01 13:38:00,416.057,416.227,415.316,415.386,7.6692
2022-06-01 13:39:00,415.367,415.597,414.617,414.656,8.0652
2022-06-01 13:40:00,414.657,414.927,414.477,414.786,8.4216
2022-06-01 13:41:00,414.786,415.166,414.776,415.067,8.0256
2022-06-01 13:42:00,415.077,415.137,414.716,414.927,7.8012
2022-06-01 13:43:00,414.917,415.067,414.796,415.006,7.6032
2022-06-01 13:44:00,415.006,415.087,414.367,414.796,7.0356
2022-06-01 13:45:00,414.797,415.087,414.506,414.887,7.4185
2022-06-01 13:46:00,414.907,415.026,414.556,414.577,7.8672
2022-06-01 13:47:00,414.577,415.137,414.356,414.386,7.9465
2022-06-01 13:48:00,414.356,414.437,413.927,414.336,7.9068
2022-06-01 13:49:00,414.327,414.547,414.186,414.307,7.47
2022-06-01 13:50:00,414.326,414.517,414.146,414.276,7.8144
2022-06-01 13:51:00,414.267,414.627,414.186,414.497,7.4712
2022-06-01 13:52:00,414.506,415.097,414.496,414.946,7.7352
2022-06-01 13:53:00,414.936,415.216,414.747,414.867,8.0124
2022-06-01 13:54:00,414.867,415.216,414.776,415.167,7.7616
2022-06-01 13:55:00,415.176,415.377,415.016,415.107,7.0224
2022-06-01 13:56:00,415.097,415.187,414.876,415.007,6.3492
2022-06-01 13:57:00,415.006,415.126,414.517,414.537,7.1808
2022-06-01 13:58:00,414.547,414.847,414.507,414.627,5.5308
2022-06-01 13:59:00,414.596,415.056,414.576,414.636,4.8445
2022-06-01 14:00:00,414.636,415.176,413.466,413.887,8.0916
2022-06-01 14:01:00,413.866,414.407,413.606,414.407,7.9729
2022-06-01 14:02:00,414.416,414.957,414.357,414.657,7.9464
2022-06-01 14:03:00,414.667,414.697,414.327,414.426,7.986
2022-06-01 14:04:00,414.436,414.517,414.027,414.107,7.6692
2022-06-01 14:05:00,414.117,414.177,413.406,413.576,7.8936
2022-06-01 14:06:00,413.596,413.706,413.226,413.277,7.7748
2022-06-01 14:07:00,413.277,413.356,412.926,413.097,6.2436
2022-06-01 14:08:00,413.087,413.137,412.226,412.396,7.5108
2022-06-01 14:09:00,412.366,412.637,412.256,412.637,6.7848
2022-06-01 14:10:00,412.626,412.966,412.527,412.657,6.8641
2022-06-01 14:11:00,412.646,412.686,412.326,412.376,6.9828
2022-06-01 14:12:00,412.367,412.407,411.996,412.246,6.8904
2022-06-01 14:13:00,412.257,412.276,411.866,412.116,6.7848
2022-06-01 14:14:00,412.096,412.186,411.876,411.956,6.8245
2022-06-01 14:15:00,411.947,411.956,411.267,411.347,7.4988
2022-06-01 14:16:00,411.326,411.337,410.766,410.787,6.4548
2022-06-01 14:17:00,410.767,411.056,410.736,411.037,6.0192
2022-06-01 14:18:00,411.027,411.167,410.876,411.157,6.3756
2022-06-01 14:19:00,411.167,411.206,410.716,410.737,6.0324
2022-06-01 14:20:00,410.727,411.187,410.716,411.026,7.1808
2022-06-01 14:21:00,411.027,411.107,410.876,410.987,6.534
2022-06-01 14:22:00,410.996,411.126,410.746,410.856,6.6264
2022-06-01 14:23:00,410.847,411.157,410.806,411.067,6.6
2022-06-01 14:24:00,411.067,411.197,410.736,410.776,6.1644
2022-06-01 14:25:00,410.766,411.137,410.736,410.776,6.3756
2022-06-01 14:26:00,410.787,410.796,410.327,410.386,6.3096
2022-06-01 14:27:00,410.376,410.807,410.266,410.417,6.4153
2022-06-01 14:28:00,410.446,410.516,410.247,410.327,6.0852
2022-06-01 14:29:00,410.337,410.436,410.226,410.256,5.6628
2022-06-01 14:30:00,410.246,410.917,410.096,410.647,7.1016
2022-06-01 14:31:00,410.657,410.777,410.436,410.517,7.2732
2022-06-01 14:32:00,410.507,410.507,409.876,409.887,6.6396
2022-06-01 14:33:00,409.886,410.226,409.827,410.097,6.9432
2022-06-01 14:34:00,410.117,410.146,409.646,409.656,6.8904
2022-06-01 14:35:00,409.656,409.776,409.346,409.397,6.7584
2022-06-01 14:36:00,409.367,409.397,409.086,409.296,5.412
2022-06-01 14:37:00,409.286,409.667,409.146,409.637,6.5604
2022-06-01 14:38:00,409.627,409.797,409.517,409.636,6.7716
2022-06-01 14:39:00,409.647,409.917,409.517,409.846,6.0192
2022-06-01 14:40:00,409.856,410.056,409.756,409.826,6.9696
2022-06-01 14:41:00,409.817,410.067,409.696,409.896,6.0852
2022-06-01 14:42:00,409.876,410.107,409.656,410.057,6.4284
2022-06-01 14:43:00,410.037,410.346,409.786,410.327,6.6924
2022-06-01 14:44:00,410.327,410.377,410.046,410.097,6.1644
2022-06-01 14:45:00,410.096,410.186,409.837,409.957,6.5208
2022-06-01 14:46:00,409.967,410.287,409.866,410.046,6.6924
2022-06-01 14:47:00,410.046,410.236,409.827,409.887,6.6132
2022-06-01 14:48:00,409.877,410.027,409.696,409.696,6.534
2022-06-01 14:49:00,409.706,409.936,409.557,409.596,6.9432
2022-06-01 14:50:00,409.607,409.796,409.476,409.727,6.798
2022-06-01 14:51:00,409.716,410.057,409.506,409.997,6.6132
2022-06-01 14:52:00,410.007,410.287,409.916,410.006,6.1908
2022-06-01 14:53:00,410.026,410.357,409.997,410.346,6.0984
2022-06-01 14:54:00,410.346,410.827,410.337,410.636,6.3228
2022-06-01 14:55:00,410.636,410.857,410.466,410.847,5.5177
2022-06-01 14:56:00,410.827,411.027,410.676,410.906,4.9237
2022-06-01 14:57:00,410.916,410.946,410.777,410.896,4.9764
2022-06-01 14:58:00,410.877,410.956,410.797,410.887,5.0292
2022-06-01 14:59:00,410.886,410.966,410.706,410.736,5.2404
2022-06-01 15:00:00,410.727,410.727,410.336,410.376,5.7816
2022-06-01 15:01:00,410.376,410.537,410.007,410.007,6.0984
2022-06-01 15:02:00,410.006,410.006,409.577,409.807,6.5472
2022-06-01 15:03:00,409.796,410.307,409.606,410.287,6.27
2022-06-01 15:04:00,410.306,410.357,409.897,409.966,7.0224
2022-06-01 15:05:00,409.956,410.287,409.856,410.197,6.6
2022-06-01 15:06:00,410.197,410.236,409.907,409.986,6.3624
2022-06-01 15:07:00,410.007,410.147,409.706,409.807,6.5208
2022-06-01 15:08:00,409.796,410.197,409.717,410.016,7.392
2022-06-01 15:09:00,409.997,410.047,409.447,409.517,7.6824
2022-06-01 15:10:00,409.537,409.927,409.446,409.727,7.5768
2022-06-01 15:11:00,409.717,409.936,409.617,409.866,7.062
2022-06-01 15:12:00,409.857,410.297,409.856,410.077,7.6164
2022-06-01 15:13:00,410.086,410.127,409.856,409.906,7.59
2022-06-01 15:14:00,409.917,410.027,409.696,409.827,6.4284
2022-06-01 15:15:00,409.827,409.946,409.317,409.517,7.6692
2022-06-01 15:16:00,409.506,409.847,409.147,409.167,7.6297
2022-06-01 15:17:00,409.166,409.556,408.996,409.247,7.4844
2022-06-01 15:18:00,409.237,409.337,408.826,409.196,6.8904
2022-06-01 15:19:00,409.216,409.427,409.156,409.326,7.4316
2022-06-01 15:20:00,409.306,409.307,409.006,409.117,7.2864
2022-06-01 15:21:00,409.097,409.246,408.917,409.007,6.996
2022-06-01 15:22:00,408.997,409.067,408.697,408.697,6.4284
2022-06-01 15:23:00,408.687,408.746,408.406,408.477,7.128
2022-06-01 15:24:00,408.476,408.626,408.316,408.617,7.4052
2022-06-01 15:25:00,408.616,408.647,408.266,408.296,7.1412
2022-06-01 15:26:00,408.287,408.397,408.016,408.056,5.4912
2022-06-01 15:27:00,408.066,408.206,407.946,408.176,5.0424
2022-06-01 15:28:00,408.167,408.637,408.146,408.576,5.7816
2022-06-01 15:29:00,408.566,408.816,408.406,408.766,6.1248
2022-06-01 15:30:00,408.766,408.787,408.487,408.707,6.006
2022-06-01 15:31:00,408.696,408.987,408.596,408.936,6.2964
2022-06-01 15:32:00,408.926,409.047,408.626,408.687,6.1908
2022-06-01 15:33:00,408.676,408.757,408.307,408.317,6.0984
2022-06-01 15:34:00,408.326,408.676,408.296,408.536,5.3196
2022-06-01 15:35:00,408.567,408.727,408.117,408.347,6.468
2022-06-01 15:36:00,408.337,408.357,408.016,408.046,5.4384
2022-06-01 15:37:00,408.036,408.367,407.996,408.246,6.138
2022-06-01 15:38:00,408.237,408.626,408.157,408.597,6.7056
2022-06-01 15:39:00,408.586,408.597,408.167,408.387,6.3493
2022-06-01 15:40:00,408.377,408.377,407.956,407.956,7.0356
2022-06-01 15:41:00,407.966,408.257,407.956,408.006,6.7848
2022-06-01 15:42:00,408.007,408.117,407.766,407.777,6.2568
2022-06-01 15:43:00,407.777,407.986,407.696,407.916,6.2964
2022-06-01 15:44:00,407.917,407.927,407.596,407.626,6.534
2022-06-01 15:45:00,407.627,407.956,407.437,407.897,6.4681
2022-06-01 15:46:00,407.887,408.096,407.807,407.916,6.1381
2022-06-01 15:47:00,407.916,408.137,407.796,407.796,6.27
2022-06-01 15:48:00,407.807,407.887,407.616,407.887,5.9664
2022-06-01 15:49:00,407.887,408.027,407.506,407.507,6.4416
2022-06-01 15:50:00,407.506,407.687,407.356,407.616,6.5736
2022-06-01 15:51:00,407.626,407.757,407.466,407.526,6.798
2022-06-01 15:52:00,407.507,407.777,407.446,407.737,6.8112
2022-06-01 15:53:00,407.727,407.807,407.356,407.806,6.468
2022-06-01 15:54:00,407.796,407.996,407.766,407.957,6.6001
2022-06-01 15:55:00,407.957,408.207,407.806,407.986,6.5736
2022-06-01 15:56:00,407.986,408.206,407.897,407.987,6.9828
2022-06-01 15:57:00,407.986,407.986,407.696,407.826,7.5372
2022-06-01 15:58:00,407.816,407.966,407.617,407.657,6.3228
2022-06-01 15:59:00,407.657,407.787,407.526,407.637,6.204
2022-06-01 16:00:00,407.606,407.767,407.326,407.356,6.6132
2022-06-01 16:01:00,407.337,407.446,407.226,407.276,6.336
2022-06-01 16:02:00,407.277,407.596,407.166,407.497,5.5296
2022-06-01 16:03:00,407.506,407.567,407.186,407.196,6.204
2022-06-01 16:04:00,407.186,407.407,407.166,407.296,6.8772
2022-06-01 16:05:00,407.296,407.837,407.286,407.816,6.8112
2022-06-01 16:06:00,407.797,407.917,407.597,407.646,7.1808
2022-06-01 16:07:00,407.636,407.857,407.616,407.776,6.8112
2022-06-01 16:08:00,407.756,407.926,407.546,407.607,6.072
2022-06-01 16:09:00,407.607,407.776,407.547,407.617,6.5076
2022-06-01 16:10:00,407.617,407.617,407.156,407.166,5.61
2022-06-01 16:11:00,407.126,407.426,407.086,407.166,6.204
2022-06-01 16:12:00,407.167,407.327,407.036,407.137,4.818
2022-06-01 16:13:00,407.127,407.507,407.086,407.507,5.5572
2022-06-01 16:14:00,407.487,407.717,407.416,407.667,5.9268
2022-06-01 16:15:00,407.667,408.057,407.546,408.057,6.8112
2022-06-01 16:16:00,408.057,408.167,407.966,408.146,5.8476
2022-06-01 16:17:00,408.137,408.186,407.727,407.826,6.4548
2022-06-01 16:18:00,407.817,407.837,407.646,407.696,6.27
2022-06-01 16:19:00,407.696,408.346,407.676,408.327,6.7056
2022-06-01 16:20:00,408.327,408.356,408.026,408.346,7.0092
2022-06-01 16:21:00,408.357,408.357,408.086,408.146,6.3889
2022-06-01 16:22:00,408.136,408.417,408.127,408.336,5.7817
2022-06-01 16:23:00,408.326,408.427,408.216,408.367,4.7916
2022-06-01 16:24:00,408.357,408.367,408.186,408.256,5.9268
2022-06-01 16:25:00,408.267,408.337,408.006,408.026,5.0028
2022-06-01 16:26:00,408.017,408.117,407.836,408.047,5.6496
2022-06-01 16:27:00,408.047,408.247,408.006,408.177,5.2656
2022-06-01 16:28:00,408.176,408.277,407.856,407.887,4.9236
2022-06-01 16:29:00,407.876,407.917,407.516,407.526,6.1644
2022-06-01 16:30:00,407.536,408.027,407.456,407.996,6.468
2022-06-01 16:31:00,408.017,408.207,407.976,408.076,5.1348
2022-06-01 16:32:00,408.067,408.396,408.056,408.396,5.478
2022-06-01 16:33:00,408.407,408.547,408.026,408.026,5.7421
2022-06-01 16:34:00,408.027,408.257,407.806,408.226,6.4416
2022-06-01 16:35:00,408.217,408.406,408.117,408.286,6.5736
2022-06-01 16:36:00,408.277,408.386,408.156,408.176,5.0029
2022-06-01 16:37:00,408.167,408.207,407.886,407.947,5.2008
2022-06-01 16:38:00,407.936,407.997,407.746,407.926,5.5044
2022-06-01 16:39:00,407.926,408.147,407.906,408.007,4.6068
2022-06-01 16:40:00,408.016,408.326,407.986,408.266,5.148
2022-06-01 16:41:00,408.246,408.357,408.116,408.117,5.5572
2022-06-01 16:42:00,408.116,408.117,407.827,407.847,5.7816
2022-06-01 16:43:00,407.857,407.907,407.696,407.747,5.6892
2022-06-01 16:44:00,407.736,407.736,407.616,407.677,4.9764
2022-06-01 16:45:00,407.687,407.717,407.486,407.616,5.6628
2022-06-01 16:46:00,407.627,407.726,407.586,407.616,4.0128
2022-06-01 16:47:00,407.617,407.677,407.436,407.607,5.5704
2022-06-01 16:48:00,407.606,407.626,407.056,407.167,6.5604
2022-06-01 16:49:00,407.157,407.327,407.116,407.296,5.6232
2022-06-01 16:50:00,407.296,407.397,407.007,407.016,5.6892
2022-06-01 16:51:00,407.026,407.057,406.956,406.957,4.0392
2022-06-01 16:52:00,406.957,407.457,406.926,407.416,5.94
2022-06-01 16:53:00,407.417,407.677,407.306,407.596,6.1644
2022-06-01 16:54:00,407.596,407.837,407.536,407.817,5.808
2022-06-01 16:55:00,407.816,407.856,407.566,407.757,6.4681
2022-06-01 16:56:00,407.756,408.037,407.756,407.947,6.1512
2022-06-01 16:57:00,407.957,408.177,407.887,407.906,5.8872
2022-06-01 16:58:00,407.916,407.987,407.777,407.846,5.61
2022-06-01 16:59:00,407.867,407.996,407.726,407.996,5.4252
2022-06-01 17:00:00,407.987,408.226,407.756,408.176,5.8608
2022-06-01 17:01:00,408.187,408.397,408.186,408.266,6.1116
2022-06-01 17:02:00,408.267,408.337,408.047,408.117,5.6232
2022-06-01 17:03:00,408.127,408.137,407.907,408.026,5.808
2022-06-01 17:04:00,408.027,408.087,407.886,407.947,5.676
2022-06-01 17:05:00,407.936,408.307,407.866,408.296,5.9532
2022-06-01 17:06:00,408.306,408.547,408.177,408.486,5.7684
2022-06-01 17:07:00,408.477,408.756,408.386,408.726,5.808
2022-06-01 17:08:00,408.737,408.927,408.556,408.566,5.4648
2022-06-01 17:09:00,408.546,408.997,408.516,408.947,5.8212
2022-06-01 17:10:00,408.947,409.206,408.906,409.117,5.9664
2022-06-01 17:11:00,409.116,409.206,408.996,409.097,5.676
2022-06-01 17:12:00,409.086,409.097,408.626,408.707,5.874
2022-06-01 17:13:00,408.717,408.867,408.666,408.747,5.9532
2022-06-01 17:14:00,408.726,408.727,408.486,408.557,5.4384
2022-06-01 17:15:00,408.566,408.947,408.537,408.937,5.676
2022-06-01 17:16:00,408.937,409.017,408.776,409.006,5.4648
2022-06-01 17:17:00,408.996,409.287,408.966,409.196,5.2668
2022-06-01 17:18:00,409.197,409.267,408.876,408.997,5.9532
2022-06-01 17:19:00,408.987,409.196,408.986,409.117,6.0456
2022-06-01 17:20:00,409.127,409.257,409.106,409.257,4.8445
2022-06-01 17:21:00,409.257,409.567,409.136,409.406,5.478
2022-06-01 17:22:00,409.417,409.477,408.977,409.017,6.3612
2022-06-01 17:23:00,409.026,409.146,408.907,408.967,5.61
2022-06-01 17:24:00,408.957,409.016,408.766,408.997,6.0324
2022-06-01 17:25:00,409.006,409.307,408.976,409.307,5.9796
2022-06-01 17:26:00,409.317,409.376,409.106,409.346,5.5968
2022-06-01 17:27:00,409.347,409.527,409.347,409.476,5.2404
2022-06-01 17:28:00,409.477,409.577,409.276,409.406,5.2537
2022-06-01 17:29:00,409.386,409.507,409.176,409.226,5.7288
2022-06-01 17:30:00,409.236,409.277,409.016,409.037,6.0456
2022-06-01 17:31:00,409.037,409.067,408.796,408.876,6.5604
2022-06-01 17:32:00,408.877,409.257,408.877,409.246,5.6628
2022-06-01 17:33:00,409.257,409.386,409.056,409.157,6.4548
2022-06-01 17:34:00,409.147,409.576,409.136,409.496,5.8212
2022-06-01 17:35:00,409.486,409.737,409.366,409.657,6.6924
2022-06-01 17:36:00,409.636,409.907,409.486,409.667,5.808
2022-06-01 17:37:00,409.666,409.887,409.567,409.877,5.5308
2022-06-01 17:38:00,409.897,410.227,409.836,410.096,5.9004
2022-06-01 17:39:00,410.096,410.156,409.966,410.007,5.3196
2022-06-01 17:40:00,410.017,410.187,409.916,410.156,5.214
2022-06-01 17:41:00,410.156,410.227,409.836,409.897,5.9532
2022-06-01 17:42:00,409.907,410.266,409.786,410.167,6.1248
2022-06-01 17:43:00,410.156,410.267,409.897,409.987,5.4252
2022-06-01 17:44:00,409.996,410.147,409.897,410.147,5.6497
2022-06-01 17:45:00,410.137,410.257,410.096,410.167,5.7948
2022-06-01 17:46:00,410.177,410.256,409.946,410.247,5.4384
2022-06-01 17:47:00,410.246,410.406,410.126,410.127,5.8608
2022-06-01 17:48:00,410.126,410.136,409.796,409.906,6.0852
2022-06-01 17:49:00,409.907,410.087,409.796,409.917,5.7156
2022-06-01 17:50:00,409.917,410.157,409.886,410.107,5.544
2022-06-01 17:51:00,410.126,410.137,409.656,409.716,5.5176
2022-06-01 17:52:00,409.717,409.747,409.457,409.517,5.6892
2022-06-01 17:53:00,409.527,409.696,409.466,409.587,5.214
2022-06-01 17:54:00,409.586,409.616,409.306,409.347,5.7816
2022-06-01 17:55:00,409.337,409.827,409.307,409.787,5.5176
2022-06-01 17:56:00,409.797,410.047,409.736,409.827,5.214
2022-06-01 17:57:00,409.816,410.067,409.626,410.036,5.9136
2022-06-01 17:58:00,410.036,410.357,410.007,410.167,6.6528
2022-06-01 17:59:00,410.167,410.257,409.776,409.817,6.2568
2022-06-01 18:00:00,409.806,410.337,409.676,410.166,6.7188
2022-06-01 18:01:00,410.166,410.187,409.936,409.967,6.0193
2022-06-01 18:02:00,409.966,410.207,409.786,410.207,6.9828
2022-06-01 18:03:00,410.206,410.287,409.917,410.287,6.3625
2022-06-01 18:04:00,410.256,410.497,410.026,410.336,7.2996
2022-06-01 18:05:00,410.326,410.657,410.216,410.576,7.0356
2022-06-01 18:06:00,410.576,410.637,410.096,410.246,6.4021
2022-06-01 18:07:00,410.246,410.297,409.887,410.126,6.7057
2022-06-01 18:08:00,410.117,410.276,409.967,410.127,6.4812
2022-06-01 18:09:00,410.116,410.387,410.016,410.367,6.9697
2022-06-01 18:10:00,410.367,410.466,410.146,410.156,5.742
2022-06-01 18:11:00,410.166,410.167,409.866,410.076,6.336
2022-06-01 18:12:00,410.046,410.256,409.946,410.117,5.7024
2022-06-01 18:13:00,410.127,410.247,409.996,410.216,5.9124
2022-06-01 18:14:00,410.207,410.427,410.176,410.256,6.2436
2022-06-01 18:15:00,410.256,410.597,410.086,410.457,5.8872
2022-06-01 18:16:00,410.437,410.557,410.287,410.407,5.3064
2022-06-01 18:17:00,410.397,410.417,410.177,410.237,5.3064
2022-06-01 18:18:00,410.216,410.216,409.916,410.067,6.4548
2022-06-01 18:19:00,410.077,410.156,409.826,410.146,6.6264
2022-06-01 18:20:00,410.136,410.167,409.916,409.927,6.2436
2022-06-01 18:21:00,409.926,410.347,409.906,410.296,5.9269
2022-06-01 18:22:00,410.306,410.767,410.256,410.757,6.2832
2022-06-01 18:23:00,410.766,411.416,410.736,411.226,7.194
2022-06-01 18:24:00,411.206,411.366,411.087,411.357,6.1908
2022-06-01 18:25:00,411.357,411.747,411.257,411.716,7.0752
2022-06-01 18:26:00,411.726,412.037,411.726,411.846,6.4813
2022-06-01 18:27:00,411.857,412.067,411.796,411.946,5.8608
2022-06-01 18:28:00,411.937,412.087,411.646,411.687,6.468
2022-06-01 18:29:00,411.696,411.817,411.566,411.656,6.2172
2022-06-01 18:30:00,411.667,411.906,411.627,411.786,6.4944
2022-06-01 18:31:00,411.797,411.877,411.666,411.727,5.808
2022-06-01 18:32:00,411.747,411.807,411.556,411.727,5.9928
2022-06-01 18:33:00,411.727,411.946,411.726,411.816,5.7552
2022-06-01 18:34:00,411.796,411.917,411.696,411.816,5.2668
2022-06-01 18:35:00,411.827,412.047,411.696,411.777,5.9928
2022-06-01 18:36:00,411.776,411.857,411.626,411.806,5.6628
2022-06-01 18:37:00,411.786,412.107,411.736,411.907,6.6
2022-06-01 18:38:00,411.897,411.997,411.796,411.847,5.7024
2022-06-01 18:39:00,411.817,411.846,411.397,411.407,5.8608
2022-06-01 18:40:00,411.417,411.607,411.326,411.577,5.5572
2022-06-01 18:41:00,411.597,411.607,411.416,411.537,4.5013
2022-06-01 18:42:00,411.547,411.987,411.536,411.987,4.4869
2022-06-01 18:43:00,412.007,412.227,411.966,412.146,5.4912
2022-06-01 18:44:00,412.156,412.276,411.986,412.187,5.9268
2022-06-01 18:45:00,412.197,412.297,411.786,411.837,6.7716
2022-06-01 18:46:00,411.847,411.877,411.596,411.766,6.1116
2022-06-01 18:47:00,411.776,411.987,411.696,411.726,6.3888
2022-06-01 18:48:00,411.747,411.837,411.466,411.626,6.1116
2022-06-01 18:49:00,411.627,411.947,411.596,411.746,6.2568
2022-06-01 18:50:00,411.736,411.807,411.437,411.547,6.5868
2022-06-01 18:51:00,411.536,411.547,411.176,411.386,7.0752
2022-06-01 18:52:00,411.376,411.657,411.217,411.596,6.138
2022-06-01 18:53:00,411.617,411.816,411.316,411.496,6.3624
2022-06-01 18:54:00,411.507,411.516,411.066,411.116,6.2568
2022-06-01 18:55:00,411.137,411.507,411.126,411.337,5.7409
2022-06-01 18:56:00,411.347,411.397,411.106,411.146,5.8872
2022-06-01 18:57:00,411.126,411.167,410.816,410.867,6.6792
2022-06-01 18:58:00,410.866,411.087,410.836,410.996,5.5308
2022-06-01 18:59:00,410.997,411.217,410.947,411.107,5.742
2022-06-01 19:00:00,411.107,411.217,410.877,411.006,6.0852
2022-06-01 19:01:00,411.006,411.407,411.006,411.337,5.6628
2022-06-01 19:02:00,411.346,411.437,411.006,411.056,5.5968
2022-06-01 19:03:00,411.066,411.097,410.497,410.616,6.534
2022-06-01 19:04:00,410.627,410.966,410.617,410.886,6.1644
2022-06-01 19:05:00,410.887,411.137,410.816,411.077,5.9532
2022-06-01 19:06:00,411.076,411.476,411.036,411.436,5.9916
2022-06-01 19:07:00,411.456,411.487,411.246,411.316,6.27
2022-06-01 19:08:00,411.347,411.657,411.347,411.456,5.874
2022-06-01 19:09:00,411.466,411.596,411.346,411.376,5.9928
2022-06-01 19:10:00,411.367,411.547,411.216,411.537,6.4548
2022-06-01 19:11:00,411.546,411.587,411.416,411.487,5.8872
2022-06-01 19:12:00,411.486,411.617,411.416,411.566,5.7684
2022-06-01 19:13:00,411.576,411.986,411.526,411.906,5.4252
2022-06-01 19:14:00,411.906,412.177,411.866,411.986,5.1744
2022-06-01 19:15:00,411.976,412.007,411.666,411.987,6.2292
2022-06-01 19:16:00,411.976,412.317,411.976,412.187,6.0192
2022-06-01 19:17:00,412.176,412.517,412.176,412.257,5.6892
2022-06-01 19:18:00,412.257,412.257,411.646,411.827,6.8112
2022-06-01 19:19:00,411.827,412.037,411.706,412.006,6.204
2022-06-01 19:20:00,412.007,412.167,411.946,412.126,6.402
2022-06-01 19:21:00,412.146,412.227,411.946,412.127,5.6232
2022-06-01 19:22:00,412.106,412.207,412.016,412.186,4.9764
2022-06-01 19:23:00,412.207,412.387,411.986,411.986,5.8872
2022-06-01 19:24:00,411.997,412.057,411.816,412.006,6.7716
2022-06-01 19:25:00,411.987,412.017,411.427,411.657,6.6
2022-06-01 19:26:00,411.657,411.917,411.657,411.817,6.7848
2022-06-01 19:27:00,411.827,411.917,411.736,411.866,5.808
2022-06-01 19:28:00,411.856,411.886,411.566,411.806,6.8244
2022-06-01 19:29:00,411.827,412.027,411.696,411.806,6.1909
2022-06-01 19:30:00,411.806,411.837,411.217,411.257,8.514
2022-06-01 19:31:00,411.246,411.506,411.216,411.377,7.9728
2022-06-01 19:32:00,411.357,411.607,411.207,411.316,8.0256
2022-06-01 19:33:00,411.296,411.627,411.296,411.527,8.0124
2022-06-01 19:34:00,411.517,411.536,411.196,411.316,8.0124
2022-06-01 19:35:00,411.307,411.327,411.017,411.196,6.9564
2022-06-01 19:36:00,411.196,411.717,410.967,411.667,6.9948
2022-06-01 19:37:00,411.667,411.907,411.536,411.846,6.93
2022-06-01 19:38:00,411.866,412.007,411.696,412.007,6.9828
2022-06-01 19:39:00,412.007,412.086,411.676,412.086,6.9432
2022-06-01 19:40:00,412.077,412.176,411.947,412.076,6.996
2022-06-01 19:41:00,412.086,412.357,411.946,412.146,6.7188
2022-06-01 19:42:00,412.167,412.307,412.086,412.286,6.666
2022-06-01 19:43:00,412.287,412.396,411.796,411.847,6.204
2022-06-01 19:44:00,411.847,412.067,411.706,411.726,6.4284
2022-06-01 19:45:00,411.737,411.737,411.377,411.607,7.1412
2022-06-01 19:46:00,411.576,411.717,411.346,411.697,6.3756
2022-06-01 19:47:00,411.687,411.976,411.687,411.867,6.4153
2022-06-01 19:48:00,411.856,412.046,411.657,411.737,5.8609
2022-06-01 19:49:00,411.746,412.036,411.586,411.846,6.4548
2022-06-01 19:50:00,411.826,412.206,411.306,411.676,6.7585
2022-06-01 19:51:00,411.687,411.876,411.237,411.397,7.1148
2022-06-01 19:52:00,411.396,411.807,411.356,411.396,6.7056
2022-06-01 19:53:00,411.386,411.427,410.746,410.757,6.4944
2022-06-01 19:54:00,410.766,410.766,410.416,410.497,6.7716
2022-06-01 19:55:00,410.507,410.596,409.996,410.046,7.5108
2022-06-01 19:56:00,410.047,410.067,409.816,409.946,6.4681
2022-06-01 19:57:00,409.937,410.166,409.876,410.047,5.9796
2022-06-01 19:58:00,410.057,410.187,409.976,410.147,5.0292
2022-06-01 19:59:00,410.147,410.147,409.526,409.636,5.8476
2022-06-02 13:30:00,409.416,409.607,408.826,408.966,8.2368
2022-06-02 13:31:00,408.956,409.066,407.897,408.077,7.7484
2022-06-02 13:32:00,408.066,408.436,407.917,408.367,7.854
2022-06-02 13:33:00,408.386,408.757,408.256,408.656,8.118
2022-06-02 13:34:00,408.666,409.257,408.516,409.197,7.1665
2022-06-02 13:35:00,409.197,409.227,408.296,408.656,8.2368
2022-06-02 13:36:00,408.667,408.956,407.586,407.636,7.9993
2022-06-02 13:37:00,407.626,408.417,407.606,408.417,7.866
2022-06-02 13:38:00,408.406,408.707,408.266,408.487,8.0916
2022-06-02 13:39:00,408.467,408.907,408.386,408.856,7.9464
2022-06-02 13:40:00,408.836,408.837,408.097,408.516,7.7881
2022-06-02 13:41:00,408.507,408.537,408.036,408.227,7.7088
2022-06-02 13:42:00,408.247,409.187,407.946,409.056,8.0641
2022-06-02 13:43:00,409.066,409.267,408.646,408.826,7.8289
2022-06-02 13:44:00,408.836,409.087,408.697,408.886,7.9201
2022-06-02 13:45:00,408.886,409.067,408.667,408.767,7.722
2022-06-02 13:46:00,408.787,408.907,408.397,408.696,8.2104
2022-06-02 13:47:00,408.707,408.767,408.296,408.386,7.5768
2022-06-02 13:48:00,408.366,408.767,407.996,408.607,7.2996
2022-06-02 13:49:00,408.576,409.217,408.556,409.157,7.2337
2022-06-02 13:50:00,409.167,409.177,408.616,408.916,7.458
2022-06-02 13:51:00,408.936,408.987,408.577,408.617,7.8276
2022-06-02 13:52:00,408.627,408.796,408.287,408.306,7.7484
2022-06-02 13:53:00,408.317,408.847,408.276,408.606,7.9596
2022-06-02 13:54:00,408.596,408.826,408.416,408.427,7.326
2022-06-02 13:55:00,408.427,408.466,407.576,407.587,7.1808
2022-06-02 13:56:00,407.586,407.687,407.306,407.687,8.2368
2022-06-02 13:57:00,407.697,407.767,407.296,407.586,7.8672
2022-06-02 13:58:00,407.587,408.016,407.516,407.907,7.3128
2022-06-02 13:59:00,407.917,408.297,407.877,408.167,5.478
2022-06-02 14:00:00,408.167,408.636,407.786,408.636,7.5901
2022-06-02 14:01:00,408.646,409.097,408.537,408.796,7.8276
2022-06-02 14:02:00,408.776,409.137,408.716,408.947,7.5636
2022-06-02 14:03:00,408.936,408.947,408.416,408.556,7.3788
2022-06-02 14:04:00,408.576,408.717,408.257,408.606,7.3656
2022-06-02 14:05:00,408.617,408.657,408.207,408.356,8.0652
2022-06-02 14:06:00,408.367,408.777,408.116,408.746,7.788
2022-06-02 14:07:00,408.767,408.896,408.466,408.586,7.9068
2022-06-02 14:08:00,408.567,408.667,408.136,408.156,7.8277
2022-06-02 14:09:00,408.156,408.497,407.896,408.276,8.1048
2022-06-02 14:10:00,408.286,408.716,408.206,408.617,7.8936
2022-06-02 14:11:00,408.627,409.167,408.586,408.966,7.4964
2022-06-02 14:12:00,408.956,409.547,408.916,409.516,7.524
2022-06-02 14:13:00,409.526,410.467,409.496,410.387,7.6296
2022-06-02 14:14:00,410.376,410.537,410.236,410.337,7.4844
2022-06-02 14:15:00,410.316,410.327,409.896,409.977,7.722
2022-06-02 14:16:00,409.976,410.207,409.847,410.137,7.3921
2022-06-02 14:17:00,410.137,410.207,409.727,409.966,7.1412
2022-06-02 14:18:00,409.926,409.926,409.516,409.616,7.2864
2022-06-02 14:19:00,409.617,409.737,408.796,408.836,7.2336
2022-06-02 14:20:00,408.846,409.276,408.786,409.146,7.6945
2022-06-02 14:21:00,409.146,409.147,407.956,408.006,7.3933
2022-06-02 14:22:00,408.007,408.346,407.796,408.177,7.986
2022-06-02 14:23:00,408.196,408.206,407.426,407.477,7.5637
2022-06-02 14:24:00,407.457,407.787,407.276,407.357,8.0124
2022-06-02 14:25:00,407.356,407.767,407.306,407.556,7.986
2022-06-02 14:26:00,407.536,407.926,407.446,407.767,8.1444
2022-06-02 14:27:00,407.747,407.747,407.026,407.366,6.9696
2022-06-02 14:28:00,407.376,407.697,407.046,407.497,7.9464
2022-06-02 14:29:00,407.486,407.976,407.476,407.946,8.0124
2022-06-02 14:30:00,407.946,408.367,407.576,408.367,8.1444
2022-06-02 14:31:00,408.376,408.567,408.056,408.236,7.3788
2022-06-02 14:32:00,408.226,408.396,407.956,407.977,6.9168
2022-06-02 14:33:00,407.977,408.327,407.876,408.297,7.3656
2022-06-02 14:34:00,408.287,408.886,408.276,408.466,6.9948
2022-06-02 14:35:00,408.457,408.887,408.206,408.627,8.1181
2022-06-02 14:36:00,408.616,408.736,408.176,408.537,8.3808
2022-06-02 14:37:00,408.516,408.537,408.156,408.467,7.5372
2022-06-02 14:38:00,408.486,408.977,408.437,408.807,7.59
2022-06-02 14:39:00,408.816,408.907,408.536,408.846,7.9068
2022-06-02 14:40:00,408.867,409.197,408.596,408.687,7.7352
2022-06-02 14:41:00,408.687,408.787,408.536,408.757,7.4449
2022-06-02 14:42:00,408.776,409.217,408.737,408.877,7.4844
2022-06-02 14:43:00,408.886,409.237,408.737,408.897,7.2336
2022-06-02 14:44:00,408.897,409.276,408.846,408.946,7.5108
2022-06-02 14:45:00,408.937,408.987,408.687,408.877,7.6032
2022-06-02 14:46:00,408.867,409.217,408.476,409.216,7.656
2022-06-02 14:47:00,409.226,409.366,409.067,409.187,7.3524
2022-06-02 14:48:00,409.197,409.407,409.067,409.336,6.9432
2022-06-02 14:49:00,409.326,409.386,409.006,409.246,6.7848
2022-06-02 14:50:00,409.236,409.317,408.957,408.987,7.2204
2022-06-02 14:51:00,408.967,409.446,408.856,409.427,7.2204
2022-06-02 14:52:00,409.416,409.516,409.126,409.127,7.1676
2022-06-02 14:53:00,409.136,409.377,409.096,409.286,6.8772
2022-06-02 14:54:00,409.297,409.406,409.097,409.207,7.0752
2022-06-02 14:55:00,409.197,409.577,409.156,409.507,6.7716
2022-06-02 14:56:00,409.496,409.657,409.296,409.366,6.9696
2022-06-02 14:57:00,409.367,409.367,409.096,409.337,7.656
2022-06-02 14:58:00,409.337,409.677,409.256,409.637,7.2996
2022-06-02 14:59:00,409.646,409.866,409.496,409.737,6.2293
2022-06-02 15:00:00,409.757,410.037,409.566,409.987,7.0224
2022-06-02 15:01:00,409.997,410.237,409.956,410.146,6.9828
2022-06-02 15:02:00,410.157,410.607,410.117,410.516,7.0224
2022-06-02 15:03:00,410.517,410.867,410.516,410.736,7.3392
2022-06-02 15:04:00,410.727,410.806,410.576,410.617,6.2568
2022-06-02 15:05:00,410.626,410.787,410.457,410.477,6.732
2022-06-02 15:06:00,410.457,410.717,410.436,410.696,6.5208
2022-06-02 15:07:00,410.687,410.716,410.526,410.657,6.864
2022-06-02 15:08:00,410.667,410.897,410.606,410.876,6.732
2022-06-02 15:09:00,410.866,411.036,410.746,410.956,6.864
2022-06-02 15:10:00,410.957,411.517,410.926,411.487,6.0192
2022-06-02 15:11:00,411.486,411.667,411.417,411.587,6.5208
2022-06-02 15:12:00,411.566,411.827,411.556,411.756,6.4284
2022-06-02 15:13:00,411.736,411.897,411.586,411.646,6.2304
2022-06-02 15:14:00,411.647,411.877,411.556,411.717,5.61
2022-06-02 15:15:00,411.726,411.847,411.687,411.807,5.412
2022-06-02 15:16:00,411.817,411.957,411.727,411.806,5.9796
2022-06-02 15:17:00,411.797,411.826,411.326,411.326,6.2568
2022-06-02 15:18:00,411.336,411.596,411.246,411.586,6.0852
2022-06-02 15:19:00,411.577,411.597,411.356,411.437,4.7916
2022-06-02 15:20:00,411.456,411.487,411.186,411.437,5.8212
2022-06-02 15:21:00,411.446,411.497,411.326,411.346,5.7816
2022-06-02 15:22:00,411.346,411.637,411.176,411.606,5.544
2022-06-02 15:23:00,411.596,411.636,411.427,411.497,5.5308
2022-06-02 15:24:00,411.496,411.596,411.426,411.596,5.1744
2022-06-02 15:25:00,411.596,411.647,411.426,411.606,5.5308
2022-06-02 15:26:00,411.616,411.926,411.566,411.916,5.8476
2022-06-02 15:27:00,411.927,411.947,411.196,411.407,6.4152
2022-06-02 15:28:00,411.406,411.407,411.146,411.336,6.2832
2022-06-02 15:29:00,411.337,411.657,411.147,411.657,5.7684
2022-06-02 15:30:00,411.656,411.747,411.226,411.336,6.072
2022-06-02 15:31:00,411.346,411.416,410.936,411.266,6.7848
2022-06-02 15:32:00,411.257,411.347,411.026,411.327,6.3888
2022-06-02 15:33:00,411.336,411.487,411.277,411.396,6.1512
2022-06-02 15:34:00,411.387,411.517,411.327,411.377,5.9136
2022-06-02 15:35:00,411.376,411.376,410.906,410.916,6.27
2022-06-02 15:36:00,410.906,411.126,410.756,410.966,6.4284
2022-06-02 15:37:00,410.976,411.116,410.877,411.067,5.7553
2022-06-02 15:38:00,411.046,411.297,410.936,411.257,5.8872
2022-06-02 15:39:00,411.267,411.277,411.086,411.127,6.1908
2022-06-02 15:40:00,411.106,411.547,411.106,411.507,6.2964
2022-06-02 15:41:00,411.496,411.937,411.406,411.927,6.93
2022-06-02 15:42:00,411.936,412.087,411.756,412.087,6.2172
2022-06-02 15:43:00,412.087,412.397,412.026,412.267,6.996
2022-06-02 15:44:00,412.266,412.336,412.206,412.256,5.3064
2022-06-02 15:45:00,412.256,412.527,412.047,412.497,6.5472
2022-06-02 15:46:00,412.497,412.747,412.466,412.696,6.2832
2022-06-02 15:47:00,412.707,412.856,412.646,412.777,5.8872
2022-06-02 15:48:00,412.796,412.897,412.726,412.876,5.8344
2022-06-02 15:49:00,412.877,413.167,412.866,413.127,5.3328
2022-06-02 15:50:00,413.136,413.207,412.977,413.116,6.4548
2022-06-02 15:51:00,413.127,413.287,413.116,413.227,4.95
2022-06-02 15:52:00,413.216,413.296,413.096,413.267,5.0292
2022-06-02 15:53:00,413.277,413.347,413.176,413.187,5.2932
2022-06-02 15:54:00,413.186,413.257,412.727,412.837,5.0821
2022-06-02 15:55:00,412.826,412.937,412.646,412.697,5.3052
2022-06-02 15:56:00,412.707,412.737,412.517,412.527,4.6992
2022-06-02 15:57:00,412.527,412.546,412.166,412.347,4.938
2022-06-02 15:58:00,412.337,412.426,412.206,412.237,3.3396
2022-06-02 15:59:00,412.247,412.417,412.196,412.297,3.8148
2022-06-02 16:00:00,412.307,412.467,412.226,412.277,4.488
2022-06-02 16:01:00,412.287,412.287,412.057,412.086,3.8016
2022-06-02 16:02:00,412.096,412.287,412.056,412.257,4.554
2022-06-02 16:03:00,412.256,412.557,412.217,412.457,5.082
2022-06-02 16:04:00,412.456,412.637,412.436,412.587,4.752
2022-06-02 16:05:00,412.586,412.636,412.316,412.536,4.8576
2022-06-02 16:06:00,412.526,412.606,412.306,412.426,4.5936
2022-06-02 16:07:00,412.437,412.597,412.287,412.547,5.1744
2022-06-02 16:08:00,412.556,412.606,412.277,412.387,4.884
2022-06-02 16:09:00,412.396,412.486,412.246,412.437,4.7389
2022-06-02 16:10:00,412.447,412.647,412.386,412.647,4.6596
2022-06-02 16:11:00,412.627,412.687,412.226,412.306,5.6496
2022-06-02 16:12:00,412.316,412.596,412.316,412.416,5.6232
2022-06-02 16:13:00,412.397,412.647,412.367,412.547,4.3164
2022-06-02 16:14:00,412.537,412.687,412.406,412.516,4.5408
2022-06-02 16:15:00,412.527,412.707,412.526,412.687,4.5276
2022-06-02 16:16:00,412.706,412.747,412.536,412.616,4.2108
2022-06-02 16:17:00,412.626,412.937,412.626,412.916,3.9864
2022-06-02 16:18:00,412.906,413.087,412.896,413.066,3.4056
2022-06-02 16:19:00,413.057,413.127,412.946,413.086,4.5276
2022-06-02 16:20:00,413.087,413.296,412.876,413.277,4.3164
2022-06-02 16:21:00,413.267,413.307,413.016,413.046,4.3032
2022-06-02 16:22:00,413.056,413.167,412.997,413.156,3.8544
2022-06-02 16:23:00,413.166,413.427,413.146,413.387,3.894
2022-06-02 16:24:00,413.396,413.687,413.396,413.676,4.4748
2022-06-02 16:25:00,413.677,413.716,413.567,413.677,3.894
2022-06-02 16:26:00,413.687,413.707,413.476,413.676,3.5772
2022-06-02 16:27:00,413.687,413.817,413.636,413.817,3.0228
2022-06-02 16:28:00,413.816,413.937,413.707,413.777,4.0128
2022-06-02 16:29:00,413.776,413.957,413.717,413.947,3.234
2022-06-02 16:30:00,413.956,414.096,413.936,413.996,3.9072
2022-06-02 16:31:00,413.996,413.996,413.836,413.887,3.9732
2022-06-02 16:32:00,413.887,414.087,413.876,414.057,4.0656
2022-06-02 16:33:00,414.047,414.207,414.047,414.197,4.0656
2022-06-02 16:34:00,414.207,414.256,413.996,414.106,4.3692
2022-06-02 16:35:00,414.116,414.217,414.056,414.206,3.5376
2022-06-02 16:36:00,414.216,414.407,414.196,414.376,4.8576
2022-06-02 16:37:00,414.366,414.397,414.186,414.337,4.752
2022-06-02 16:38:00,414.347,414.417,414.157,414.417,4.1052
2022-06-02 16:39:00,414.407,414.557,414.356,414.547,3.6564
2022-06-02 16:40:00,414.547,414.587,414.386,414.457,4.1449
2022-06-02 16:41:00,414.456,414.547,414.406,414.427,3.96
2022-06-02 16:42:00,414.436,414.437,413.966,414.036,4.95
2022-06-02 16:43:00,414.027,414.067,413.707,413.807,5.4648
2022-06-02 16:44:00,413.816,413.977,413.767,413.966,4.224
2022-06-02 16:45:00,413.977,414.177,413.946,414.146,4.2636
2022-06-02 16:46:00,414.157,414.197,413.946,414.117,4.5672
2022-06-02 16:47:00,414.116,414.137,413.947,413.996,3.696
2022-06-02 16:48:00,413.976,414.127,413.976,414.036,3.5904
2022-06-02 16:49:00,414.046,414.046,413.877,414.007,3.3
2022-06-02 16:50:00,414.006,414.137,413.996,414.047,4.0788
2022-06-02 16:51:00,414.046,414.227,414.046,414.177,3.432
2022-06-02 16:52:00,414.187,414.437,414.147,414.396,4.5804
2022-06-02 16:53:00,414.406,414.507,414.367,414.437,3.432
2022-06-02 16:54:00,414.446,414.657,414.396,414.576,3.2736
2022-06-02 16:55:00,414.576,414.577,414.336,414.397,4.1448
2022-06-02 16:56:00,414.387,414.446,414.176,414.216,3.9996
2022-06-02 16:57:00,414.216,414.287,414.156,414.216,3.9072
2022-06-02 16:58:00,414.227,414.317,414.166,414.167,4.026
2022-06-02 16:59:00,414.176,414.317,414.046,414.287,4.1976
2022-06-02 17:00:00,414.297,414.377,414.156,414.257,4.95
2022-06-02 17:01:00,414.266,414.406,414.177,414.267,4.3032
2022-06-02 17:02:00,414.277,414.437,414.246,414.347,5.0161
2022-06-02 17:03:00,414.356,414.567,414.316,414.506,3.7093
2022-06-02 17:04:00,414.516,414.587,414.466,414.547,4.356
2022-06-02 17:05:00,414.556,414.557,414.316,414.316,4.7256
2022-06-02 17:06:00,414.297,414.537,414.266,414.537,4.62
2022-06-02 17:07:00,414.527,414.617,414.406,414.517,3.8808
2022-06-02 17:08:00,414.527,414.617,414.456,414.457,3.4716
2022-06-02 17:09:00,414.447,414.476,414.316,414.316,4.4088
2022-06-02 17:10:00,414.316,414.487,414.297,414.477,3.7224
2022-06-02 17:11:00,414.486,414.487,414.117,414.186,4.4484
2022-06-02 17:12:00,414.196,414.267,413.986,414.046,4.8972
2022-06-02 17:13:00,414.067,414.077,413.826,413.847,4.752
2022-06-02 17:14:00,413.847,413.936,413.607,413.886,5.5044
2022-06-02 17:15:00,413.877,413.917,413.736,413.796,4.8444
2022-06-02 17:16:00,413.806,413.887,413.676,413.876,3.8412
2022-06-02 17:17:00,413.856,414.187,413.826,414.167,4.1581
2022-06-02 17:18:00,414.156,414.216,414.027,414.126,3.9997
2022-06-02 17:19:00,414.147,414.307,414.126,414.276,4.3165
2022-06-02 17:20:00,414.286,414.286,414.036,414.186,4.4484
2022-06-02 17:21:00,414.197,414.197,414.027,414.137,4.4484
2022-06-02 17:22:00,414.156,414.246,414.107,414.176,3.6168
2022-06-02 17:23:00,414.186,414.397,414.066,414.386,4.0261
2022-06-02 17:24:00,414.406,414.507,414.267,414.306,4.29
2022-06-02 17:25:00,414.317,414.426,414.227,414.367,4.3944
2022-06-02 17:26:00,414.376,414.407,414.086,414.117,4.0656
2022-06-02 17:27:00,414.126,414.197,413.926,413.967,4.0524
2022-06-02 17:28:00,413.966,414.077,413.786,414.076,3.6564
2022-06-02 17:29:00,414.087,414.347,414.086,414.307,3.96
2022-06-02 17:30:00,414.306,414.487,414.306,414.436,3.2988
2022-06-02 17:31:00,414.416,414.437,414.206,414.426,4.7784
2022-06-02 17:32:00,414.436,414.487,414.307,414.487,3.9996
2022-06-02 17:33:00,414.487,414.647,414.457,414.526,3.3528
2022-06-02 17:34:00,414.517,414.717,414.416,414.696,3.8412
2022-06-02 17:35:00,414.687,414.727,414.616,414.636,3.5508
2022-06-02 17:36:00,414.647,414.667,414.446,414.536,4.5672
2022-06-02 17:37:00,414.537,414.666,414.426,414.476,4.1832
2022-06-02 17:38:00,414.466,414.616,414.446,414.526,3.7092
2022-06-02 17:39:00,414.527,414.687,414.496,414.676,4.0524
2022-06-02 17:40:00,414.677,414.727,414.346,414.486,3.9864
2022-06-02 17:41:00,414.487,414.557,414.406,414.426,4.3032
2022-06-02 17:42:00,414.436,414.627,414.436,414.536,3.432
2022-06-02 17:43:00,414.537,414.657,414.477,414.647,2.8512
2022-06-02 17:44:00,414.657,414.947,414.636,414.897,4.3032
2022-06-02 17:45:00,414.906,414.997,414.686,414.777,4.7124
2022-06-02 17:46:00,414.777,415.027,414.727,414.997,4.0392
2022-06-02 17:47:00,414.986,415.017,414.916,414.957,4.0128
2022-06-02 17:48:00,414.966,415.026,414.916,414.997,2.904
2022-06-02 17:49:00,415.006,415.137,414.967,415.106,3.9072
2022-06-02 17:50:00,415.107,415.216,415.076,415.187,3.9336
2022-06-02 17:51:00,415.177,415.207,414.956,414.987,4.1316
2022-06-02 17:52:00,414.996,415.027,414.826,414.866,3.9468
2022-06-02 17:53:00,414.866,414.996,414.826,414.856,3.7488
2022-06-02 17:54:00,414.836,414.897,414.746,414.896,3.366
2022-06-02 17:55:00,414.887,414.887,414.436,414.607,4.7652
2022-06-02 17:56:00,414.606,414.707,414.516,414.666,3.9204
2022-06-02 17:57:00,414.667,414.857,414.666,414.846,3.9732
2022-06-02 17:58:00,414.856,414.987,414.826,414.956,3.6696
2022-06-02 17:59:00,414.926,415.057,414.786,415.016,4.1184
2022-06-02 18:00:00,415.006,415.077,414.716,414.866,5.3064
2022-06-02 18:01:00,414.837,414.997,414.786,414.996,4.0392
2022-06-02 18:02:00,414.987,415.096,414.906,415.086,4.4484
2022-06-02 18:03:00,415.077,415.267,415.076,415.256,4.1448
2022-06-02 18:04:00,415.256,415.357,415.226,415.266,4.1844
2022-06-02 18:05:00,415.276,415.327,415.177,415.327,3.9336
2022-06-02 18:06:00,415.326,415.527,415.326,415.516,3.696
2022-06-02 18:07:00,415.516,415.666,415.236,415.327,4.6332
2022-06-02 18:08:00,415.316,415.387,415.236,415.367,3.4849
2022-06-02 18:09:00,415.376,415.496,415.347,415.436,3.1152
2022-06-02 18:10:00,415.436,415.557,415.227,415.526,3.5244
2022-06-02 18:11:00,415.516,415.556,415.246,415.276,3.6828
2022-06-02 18:12:00,415.256,415.397,415.087,415.397,4.2372
2022-06-02 18:13:00,415.406,415.447,415.297,415.417,3.6564
2022-06-02 18:14:00,415.426,415.617,415.386,415.577,4.356
2022-06-02 18:15:00,415.577,415.597,415.396,415.496,3.9204
2022-06-02 18:16:00,415.507,415.567,415.386,415.387,4.224
2022-06-02 18:17:00,415.397,415.447,415.276,415.437,3.8148
2022-06-02 18:18:00,415.426,415.456,415.346,415.427,3.63
2022-06-02 18:19:00,415.427,415.527,415.346,415.456,3.168
2022-06-02 18:20:00,415.456,415.517,415.336,415.437,3.8676
2022-06-02 18:21:00,415.436,415.527,415.366,415.486,3.4188
2022-06-02 18:22:00,415.507,415.536,415.407,415.507,3.6169
2022-06-02 18:23:00,415.496,415.596,415.426,415.467,3.366
2022-06-02 18:24:00,415.477,415.547,415.386,415.426,3.0492
2022-06-02 18:25:00,415.426,415.447,415.226,415.226,3.7884
2022-06-02 18:26:00,415.227,415.307,415.166,415.286,4.026
2022-06-02 18:27:00,415.296,415.397,415.166,415.187,3.4584
2022-06-02 18:28:00,415.197,415.197,414.946,415.036,4.3824
2022-06-02 18:29:00,415.036,415.197,414.956,415.196,3.9732
2022-06-02 18:30:00,415.197,415.347,415.166,415.347,3.3
2022-06-02 18:31:00,415.346,415.557,415.306,415.516,3.8016
2022-06-02 18:32:00,415.516,415.697,415.487,415.656,3.1152
2022-06-02 18:33:00,415.667,415.737,415.566,415.596,3.2736
2022-06-02 18:34:00,415.607,415.687,415.566,415.637,2.8644
2022-06-02 18:35:00,415.646,415.727,415.586,415.716,2.9172
2022-06-02 18:36:00,415.717,415.727,415.616,415.647,2.1912
2022-06-02 18:37:00,415.657,415.657,415.496,415.547,2.6796
2022-06-02 18:38:00,415.546,415.707,415.546,415.687,2.0856
2022-06-02 18:39:00,415.696,415.727,415.626,415.657,2.3892
2022-06-02 18:40:00,415.667,415.686,415.557,415.607,2.4684
2022-06-02 18:41:00,415.607,415.717,415.527,415.617,2.4816
2022-06-02 18:42:00,415.606,415.607,415.376,415.467,3.8544
2022-06-02 18:43:00,415.477,415.507,415.296,415.387,3.2736
2022-06-02 18:44:00,415.396,415.576,415.386,415.557,2.9028
2022-06-02 18:45:00,415.536,415.577,415.416,415.537,3.0096
2022-06-02 18:46:00,415.537,415.577,415.436,415.537,3.498
2022-06-02 18:47:00,415.547,415.677,415.497,415.657,2.9832
2022-06-02 18:48:00,415.666,415.757,415.617,415.746,2.7456
2022-06-02 18:49:00,415.737,415.787,415.356,415.356,4.0129
2022-06-02 18:50:00,415.347,415.416,415.107,415.356,5.8476
2022-06-02 18:51:00,415.366,415.527,415.336,415.507,4.0656
2022-06-02 18:52:00,415.517,415.687,415.406,415.677,4.3824
2022-06-02 18:53:00,415.687,415.716,415.536,415.576,4.1712
2022-06-02 18:54:00,415.576,415.627,415.396,415.406,3.2868
2022-06-02 18:55:00,415.396,415.467,415.236,415.306,4.29
2022-06-02 18:56:00,415.307,415.307,415.096,415.106,3.7224
2022-06-02 18:57:00,415.106,415.107,414.886,414.886,5.4648
2022-06-02 18:58:00,414.877,415.026,414.776,414.786,4.1184
2022-06-02 18:59:00,414.776,414.816,414.606,414.677,5.148
2022-06-02 19:00:00,414.686,415.077,414.586,414.977,5.0556
2022-06-02 19:01:00,414.966,415.037,414.656,414.826,5.7816
2022-06-02 19:02:00,414.836,415.167,414.836,415.107,5.5704
2022-06-02 19:03:00,415.106,415.417,415.007,415.377,5.808
2022-06-02 19:04:00,415.366,415.447,415.227,415.266,5.7156
2022-06-02 19:05:00,415.276,415.397,415.106,415.386,5.346
2022-06-02 19:06:00,415.397,415.457,415.196,415.277,4.8048
2022-06-02 19:07:00,415.296,415.377,415.096,415.376,5.0029
2022-06-02 19:08:00,415.346,415.417,415.246,415.337,4.4881
2022-06-02 19:09:00,415.346,415.507,415.236,415.257,4.8576
2022-06-02 19:10:00,415.266,415.416,415.096,415.377,5.6892
2022-06-02 19:11:00,415.376,415.617,415.356,415.567,4.7784
2022-06-02 19:12:00,415.576,415.617,415.456,415.496,4.158
2022-06-02 19:13:00,415.487,415.537,415.366,415.406,3.8412
2022-06-02 19:14:00,415.396,415.707,415.396,415.626,4.2768
2022-06-02 19:15:00,415.637,415.667,415.476,415.546,4.884
2022-06-02 19:16:00,415.547,415.727,415.547,415.707,4.1712
2022-06-02 19:17:00,415.717,415.837,415.526,415.546,4.3692
2022-06-02 19:18:00,415.537,415.717,415.526,415.657,4.9368
2022-06-02 19:19:00,415.667,415.716,415.556,415.687,3.5772
2022-06-02 19:20:00,415.696,415.727,415.546,415.646,3.8016
2022-06-02 19:21:00,415.657,415.797,415.616,415.706,4.3824
2022-06-02 19:22:00,415.707,415.737,415.446,415.576,4.9632
2022-06-02 19:23:00,415.597,415.666,415.436,415.587,4.2768
2022-06-02 19:24:00,415.586,415.846,415.586,415.796,4.092
2022-06-02 19:25:00,415.796,416.067,415.737,415.986,5.1084
2022-06-02 19:26:00,415.986,415.997,415.057,415.146,6.546
2022-06-02 19:27:00,415.156,415.277,415.036,415.186,6.1512
2022-06-02 19:28:00,415.167,415.267,415.077,415.177,4.4352
2022-06-02 19:29:00,415.176,415.357,415.006,415.337,4.884
2022-06-02 19:30:00,415.316,415.586,415.217,415.316,5.742
2022-06-02 19:31:00,415.326,415.686,415.296,415.577,5.808
2022-06-02 19:32:00,415.576,415.657,415.436,415.617,5.0292
2022-06-02 19:33:00,415.626,415.697,415.426,415.437,4.6464
2022-06-02 19:34:00,415.426,415.727,415.397,415.677,4.8048
2022-06-02 19:35:00,415.686,415.907,415.636,415.877,5.7156
2022-06-02 19:36:00,415.867,415.957,415.737,415.837,4.3032
2022-06-02 19:37:00,415.837,415.857,415.606,415.677,4.4088
2022-06-02 19:38:00,415.666,415.756,415.586,415.617,3.9336
2022-06-02 19:39:00,415.617,415.696,415.516,415.677,4.8972
2022-06-02 19:40:00,415.686,415.897,415.577,415.887,4.3956
2022-06-02 19:41:00,415.896,415.947,415.726,415.747,3.9468
2022-06-02 19:42:00,415.747,415.916,415.656,415.846,4.3428
2022-06-02 19:43:00,415.857,415.956,415.797,415.926,3.564
2022-06-02 19:44:00,415.926,416.136,415.877,416.116,4.5408
2022-06-02 19:45:00,416.097,416.237,415.936,416.187,4.4088
2022-06-02 19:46:00,416.176,416.207,416.076,416.187,3.9204
2022-06-02 19:47:00,416.186,416.207,415.767,415.826,3.96
2022-06-02 19:48:00,415.817,416.177,415.797,416.167,5.082
2022-06-02 19:49:00,416.176,416.427,416.146,416.237,4.3692
2022-06-02 19:50:00,416.226,416.627,416.126,416.527,6.4825
2022-06-02 19:51:00,416.536,416.846,416.456,416.456,5.1744
2022-06-02 19:52:00,416.436,416.617,416.156,416.577,5.7552
2022-06-02 19:53:00,416.597,416.916,416.596,416.807,4.7916
2022-06-02 19:54:00,416.806,417.057,416.736,416.857,5.4396
2022-06-02 19:55:00,416.847,417.126,416.666,417.077,6.006
2022-06-02 19:56:00,417.086,417.337,417.076,417.276,3.7752
2022-06-02 19:57:00,417.277,417.357,417.186,417.346,3.7752
2022-06-02 19:58:00,417.336,417.427,417.237,417.296,4.9632
2022-06-02 19:59:00,417.296,417.396,417.196,417.226,5.3856
2022-06-03 13:30:00,412.307,412.467,412.046,412.327,7.5108
2022-06-03 13:31:00,412.316,413.286,412.186,413.167,8.4612
2022-06-03 13:32:00,413.156,413.596,413.126,413.467,7.9464
2022-06-03 13:33:00,413.477,413.957,413.307,413.666,7.656
2022-06-03 13:34:00,413.666,413.917,413.347,413.567,8.052
2022-06-03 13:35:00,413.556,413.707,413.016,413.146,7.92
2022-06-03 13:36:00,413.146,413.186,412.436,412.456,8.394
2022-06-03 13:37:00,412.427,412.737,412.126,412.596,8.4216
2022-06-03 13:38:00,412.546,413.147,412.437,412.876,8.2368
2022-06-03 13:39:00,412.887,413.017,412.696,412.926,8.118
2022-06-03 13:40:00,412.947,413.347,412.907,412.957,8.328
2022-06-03 13:41:00,412.956,413.016,412.537,412.576,7.7484
2022-06-03 13:42:00,412.576,412.837,412.077,412.187,8.1444
2022-06-03 13:43:00,412.187,412.457,412.106,412.427,7.524
2022-06-03 13:44:00,412.417,412.626,411.556,411.617,7.6032
2022-06-03 13:45:00,411.617,411.857,411.357,411.436,8.0124
2022-06-03 13:46:00,411.426,411.657,411.346,411.526,7.9464
2022-06-03 13:47:00,411.506,411.827,411.426,411.466,7.4976
2022-06-03 13:48:00,411.506,411.936,411.456,411.936,7.9596
2022-06-03 13:49:00,411.946,412.387,411.936,412.106,7.3656
2022-06-03 13:50:00,412.116,412.207,411.706,411.887,7.6428
2022-06-03 13:51:00,411.887,411.917,411.597,411.747,7.6164
2022-06-03 13:52:00,411.736,411.976,411.526,411.656,7.92
2022-06-03 13:53:00,411.676,412.517,411.676,412.456,7.7088
2022-06-03 13:54:00,412.456,412.507,412.116,412.207,7.9992
2022-06-03 13:55:00,412.197,412.847,412.086,412.747,8.0916
2022-06-03 13:56:00,412.757,413.217,412.666,413.196,7.4581
2022-06-03 13:57:00,413.176,413.257,412.816,412.867,7.6836
2022-06-03 13:58:00,412.886,413.037,412.646,412.766,7.1544
2022-06-03 13:59:00,412.776,413.177,412.696,413.136,7.7616
2022-06-03 14:00:00,412.967,413.636,412.746,413.627,7.1677
2022-06-03 14:01:00,413.647,414.016,413.347,413.937,7.9068
2022-06-03 14:02:00,413.906,413.986,413.596,413.657,8.25
2022-06-03 14:03:00,413.686,413.876,413.416,413.507,8.2104
2022-06-03 14:04:00,413.497,413.537,413.127,413.147,7.9728
2022-06-03 14:05:00,413.156,413.257,412.467,412.757,7.9992
2022-06-03 14:06:00,412.767,413.236,412.736,413.116,8.1444
2022-06-03 14:07:00,413.136,413.846,413.097,413.627,8.3688
2022-06-03 14:08:00,413.616,413.657,413.326,413.396,7.866
2022-06-03 14:09:00,413.386,413.537,413.176,413.226,7.4844
2022-06-03 14:10:00,413.236,413.387,412.726,412.837,7.722
2022-06-03 14:11:00,412.856,412.926,412.246,412.327,7.6956
2022-06-03 14:12:00,412.326,412.637,412.106,412.587,7.1412
2022-06-03 14:13:00,412.596,413.107,412.516,413.047,7.92
2022-06-03 14:14:00,413.057,413.146,412.817,413.086,7.6956
2022-06-03 14:15:00,413.077,413.467,412.916,413.417,7.4052
2022-06-03 14:16:00,413.406,413.507,412.817,413.117,7.8672
2022-06-03 14:17:00,413.126,413.716,412.947,413.636,8.0904
2022-06-03 14:18:00,413.626,413.687,413.277,413.427,7.2601
2022-06-03 14:19:00,413.436,413.437,413.086,413.176,8.0652
2022-06-03 14:20:00,413.176,413.177,412.697,412.697,7.9596
2022-06-03 14:21:00,412.687,412.856,412.177,412.247,8.2488
2022-06-03 14:22:00,412.236,412.977,412.236,412.916,7.9069
2022-06-03 14:23:00,412.917,413.336,412.917,413.047,7.8408
2022-06-03 14:24:00,413.056,413.106,412.676,412.726,7.9332
2022-06-03 14:25:00,412.707,412.857,412.496,412.526,8.25
2022-06-03 14:26:00,412.507,412.787,412.486,412.527,7.7748
2022-06-03 14:27:00,412.506,412.986,412.456,412.737,7.8132
2022-06-03 14:28:00,412.717,412.737,412.227,412.356,7.26
2022-06-03 14:29:00,412.356,412.526,412.026,412.457,7.9728
2022-06-03 14:30:00,412.446,412.477,411.826,412.006,7.3656
2022-06-03 14:31:00,412.006,412.667,411.746,412.557,7.722
2022-06-03 14:32:00,412.527,412.676,412.267,412.626,8.1444
2022-06-03 14:33:00,412.657,412.716,412.446,412.557,7.3128
2022-06-03 14:34:00,412.547,412.717,412.426,412.557,6.4153
2022-06-03 14:35:00,412.547,412.647,412.187,412.216,7.0753
2022-06-03 14:36:00,412.207,412.266,411.596,411.607,7.8804
2022-06-03 14:37:00,411.616,411.747,411.466,411.486,6.1248
2022-06-03 14:38:00,411.497,411.676,411.026,411.036,6.2832
2022-06-03 14:39:00,411.047,411.257,410.996,411.146,6.3756
2022-06-03 14:40:00,411.147,411.177,410.706,410.837,6.0852
2022-06-03 14:41:00,410.837,411.117,410.746,410.896,6.4284
2022-06-03 14:42:00,410.907,411.027,410.797,410.817,6.4549
2022-06-03 14:43:00,410.807,411.106,410.746,410.936,7.0356
2022-06-03 14:44:00,410.927,411.316,410.806,411.307,6.534
2022-06-03 14:45:00,411.327,411.437,411.047,411.377,6.9156
2022-06-03 14:46:00,411.376,411.857,411.336,411.736,7.6692
2022-06-03 14:47:00,411.736,411.817,411.486,411.497,6.9828
2022-06-03 14:48:00,411.497,411.826,411.387,411.776,6.6001
2022-06-03 14:49:00,411.797,411.856,411.547,411.576,6.7188
2022-06-03 14:50:00,411.576,411.726,411.477,411.627,7.2336
2022-06-03 14:51:00,411.656,411.787,411.396,411.577,7.0884
2022-06-03 14:52:00,411.557,411.597,411.286,411.507,6.534
2022-06-03 14:53:00,411.486,411.797,411.376,411.516,7.2336
2022-06-03 14:54:00,411.506,411.626,411.236,411.276,7.1676
2022-06-03 14:55:00,411.287,411.557,411.197,411.267,7.59
2022-06-03 14:56:00,411.266,411.476,411.026,411.207,6.468
2022-06-03 14:57:00,411.226,411.617,411.206,411.547,7.2072
2022-06-03 14:58:00,411.527,411.717,411.347,411.417,6.7716
2022-06-03 14:59:00,411.427,411.477,411.186,411.267,6.8628
2022-06-03 15:00:00,411.267,411.337,410.886,410.916,7.2732
2022-06-03 15:01:00,410.906,411.227,410.846,410.936,6.9828
2022-06-03 15:02:00,410.936,411.167,410.916,411.027,7.1544
2022-06-03 15:03:00,411.007,411.077,410.616,410.627,7.4712
2022-06-03 15:04:00,410.607,410.637,410.366,410.627,6.5868
2022-06-03 15:05:00,410.646,410.676,410.226,410.237,6.1248
2022-06-03 15:06:00,410.237,410.586,410.206,410.456,6.468
2022-06-03 15:07:00,410.446,410.527,410.376,410.406,5.7157
2022-06-03 15:08:00,410.396,410.496,410.226,410.407,5.9928
2022-06-03 15:09:00,410.407,410.527,410.226,410.227,6.6792
2022-06-03 15:10:00,410.236,410.296,410.026,410.057,6.204
2022-06-03 15:11:00,410.056,410.087,409.866,409.876,6.468
2022-06-03 15:12:00,409.887,409.937,409.676,409.696,6.0984
2022-06-03 15:13:00,409.697,409.936,409.666,409.677,5.5704
2022-06-03 15:14:00,409.676,409.907,409.676,409.866,4.554
2022-06-03 15:15:00,409.877,410.057,409.827,409.947,5.478
2022-06-03 15:16:00,409.937,409.987,409.836,409.926,4.4616
2022-06-03 15:17:00,409.927,409.967,409.746,409.746,5.3988
2022-06-03 15:18:00,409.727,410.177,409.727,410.177,6.1644
2022-06-03 15:19:00,410.186,410.347,410.126,410.126,5.4648
2022-06-03 15:20:00,410.127,410.267,410.086,410.177,6.204
2022-06-03 15:21:00,410.177,410.277,410.036,410.167,5.1084
2022-06-03 15:22:00,410.167,410.257,409.986,410.126,5.9532
2022-06-03 15:23:00,410.127,410.127,409.926,409.956,5.0952
2022-06-03 15:24:00,409.976,410.027,409.846,409.897,5.0556
2022-06-03 15:25:00,409.907,410.036,409.736,409.746,5.5704
2022-06-03 15:26:00,409.746,410.107,409.746,409.926,6.2436
2022-06-03 15:27:00,409.916,409.916,409.656,409.687,5.3328
2022-06-03 15:28:00,409.686,409.707,409.506,409.687,5.1084
2022-06-03 15:29:00,409.696,410.047,409.597,410.037,6.2172
2022-06-03 15:30:00,410.036,410.177,409.876,409.987,6.6528
2022-06-03 15:31:00,409.997,410.256,409.776,410.227,6.3096
2022-06-03 15:32:00,410.217,410.537,410.067,410.487,6.7056
2022-06-03 15:33:00,410.476,410.596,410.336,410.487,5.676
2022-06-03 15:34:00,410.497,410.567,410.386,410.567,5.3328
2022-06-03 15:35:00,410.577,410.657,410.456,410.557,5.2008
2022-06-03 15:36:00,410.557,410.887,410.557,410.777,6.0192
2022-06-03 15:37:00,410.767,411.167,410.767,411.157,5.4636
2022-06-03 15:38:00,411.167,411.167,410.806,410.896,5.2404
2022-06-03 15:39:00,410.896,411.007,410.706,410.987,5.0952
2022-06-03 15:40:00,410.966,411.116,410.887,410.957,4.2768
2022-06-03 15:41:00,410.966,410.977,410.676,410.807,5.94
2022-06-03 15:42:00,410.807,410.917,410.656,410.707,5.3856
2022-06-03 15:43:00,410.717,410.937,410.687,410.766,5.9268
2022-06-03 15:44:00,410.766,410.837,410.607,410.786,6.2832
2022-06-03 15:45:00,410.776,410.867,410.446,410.476,5.082
2022-06-03 15:46:00,410.486,410.507,410.127,410.326,6.8376
2022-06-03 15:47:00,410.316,410.547,410.287,410.396,5.2008
2022-06-03 15:48:00,410.416,410.447,410.156,410.216,5.5704
2022-06-03 15:49:00,410.197,410.336,410.076,410.116,4.9896
2022-06-03 15:50:00,410.116,410.127,409.756,409.936,5.5836
2022-06-03 15:51:00,409.946,410.287,409.896,410.096,6.4944
2022-06-03 15:52:00,410.087,410.267,410.017,410.036,5.3196
2022-06-03 15:53:00,410.026,410.127,409.906,409.927,6.006
2022-06-03 15:54:00,409.937,410.106,409.866,409.967,5.28
2022-06-03 15:55:00,409.986,410.367,409.866,410.367,6.0852
2022-06-03 15:56:00,410.367,410.377,410.116,410.177,6.0588
2022-06-03 15:57:00,410.187,410.457,410.176,410.407,5.3328
2022-06-03 15:58:00,410.406,410.496,410.317,410.396,5.8872
2022-06-03 15:59:00,410.387,410.526,410.347,410.456,5.2008
2022-06-03 16:00:00,410.447,410.747,410.326,410.747,4.4748
2022-06-03 16:01:00,410.756,411.147,410.736,411.137,4.2504
2022-06-03 16:02:00,411.146,411.207,410.777,410.986,5.214
2022-06-03 16:03:00,410.987,411.267,410.936,411.227,5.148
2022-06-03 16:04:00,411.216,411.257,410.956,411.107,5.412
2022-06-03 16:05:00,411.107,411.296,411.036,411.166,5.8476
2022-06-03 16:06:00,411.177,411.177,410.937,410.946,5.676
2022-06-03 16:07:00,410.946,411.037,410.687,410.727,5.3316
2022-06-03 16:08:00,410.726,410.727,410.527,410.527,6.204
2022-06-03 16:09:00,410.527,410.567,410.387,410.476,5.9664
2022-06-03 16:10:00,410.476,410.537,410.306,410.327,6.0984
2022-06-03 16:11:00,410.307,410.467,410.206,410.427,5.8872
2022-06-03 16:12:00,410.436,410.707,410.426,410.447,6.1644
2022-06-03 16:13:00,410.447,410.637,410.426,410.617,5.5704
2022-06-03 16:14:00,410.616,410.647,410.457,410.506,5.1348
2022-06-03 16:15:00,410.516,410.677,410.456,410.657,5.1876
2022-06-03 16:16:00,410.657,410.977,410.646,410.866,6.2568
2022-06-03 16:17:00,410.847,410.916,410.717,410.717,4.422
2022-06-03 16:18:00,410.716,410.757,410.216,410.227,5.8872
2022-06-03 16:19:00,410.226,410.227,409.886,409.897,6.6132
2022-06-03 16:20:00,409.886,409.997,409.706,409.937,6.0588
2022-06-03 16:21:00,409.936,410.257,409.877,410.197,5.874
2022-06-03 16:22:00,410.187,410.537,410.187,410.406,6.2436
2022-06-03 16:23:00,410.376,411.057,410.376,411.007,6.666
2022-06-03 16:24:00,411.017,411.297,410.926,411.037,7.2468
2022-06-03 16:25:00,411.047,411.197,410.896,411.026,6.6925
2022-06-03 16:26:00,411.017,411.057,410.916,410.967,5.61
2022-06-03 16:27:00,410.967,410.967,410.686,410.796,6.2832
2022-06-03 16:28:00,410.806,410.967,410.796,410.906,5.742
2022-06-03 16:29:00,410.917,411.137,410.846,411.107,5.9136
2022-06-03 16:30:00,411.107,411.257,410.976,410.986,6.9168
2022-06-03 16:31:00,411.007,411.077,410.886,410.946,5.9665
2022-06-03 16:32:00,410.946,411.097,410.816,410.956,5.9532
2022-06-03 16:33:00,410.976,411.007,410.726,410.907,6.1248
2022-06-03 16:34:00,410.906,410.967,410.816,410.867,5.6364
2022-06-03 16:35:00,410.887,411.087,410.796,411.016,5.8728
2022-06-03 16:36:00,411.017,411.327,410.906,411.276,6.006
2022-06-03 16:37:00,411.287,411.417,411.186,411.407,6.2172
2022-06-03 16:38:00,411.416,411.647,411.406,411.557,4.8972
2022-06-03 16:39:00,411.577,411.736,411.386,411.586,4.686
2022-06-03 16:40:00,411.576,411.686,411.457,411.476,3.6168
2022-06-03 16:41:00,411.476,411.507,411.196,411.217,4.0392
2022-06-03 16:42:00,411.206,411.447,411.197,411.296,4.3692
2022-06-03 16:43:00,411.306,411.306,411.056,411.117,4.3824
2022-06-03 16:44:00,411.116,411.317,411.066,411.286,3.6828
2022-06-03 16:45:00,411.297,411.367,411.146,411.226,3.894
2022-06-03 16:46:00,411.226,411.237,411.116,411.196,3.6564
2022-06-03 16:47:00,411.186,411.327,411.147,411.296,3.1548
2022-06-03 16:48:00,411.307,411.736,411.257,411.716,4.422
2022-06-03 16:49:00,411.716,411.747,411.507,411.576,4.5144
2022-06-03 16:50:00,411.576,411.576,411.146,411.157,5.0028
2022-06-03 16:51:00,411.166,411.316,411.046,411.296,5.082
2022-06-03 16:52:00,411.317,411.507,411.226,411.476,4.7124
2022-06-03 16:53:00,411.486,411.637,411.456,411.616,4.1448
2022-06-03 16:54:00,411.607,411.726,411.586,411.726,3.9864
2022-06-03 16:55:00,411.736,412.007,411.656,411.926,4.4484
2022-06-03 16:56:00,411.936,412.197,411.927,412.156,4.3164
2022-06-03 16:57:00,412.156,412.227,412.016,412.136,3.4584
2022-06-03 16:58:00,412.137,412.137,411.926,411.997,4.9104
2022-06-03 16:59:00,411.997,412.166,411.926,412.137,3.7488
2022-06-03 17:00:00,412.147,412.207,411.986,412.186,4.2768
2022-06-03 17:01:00,412.187,412.567,412.187,412.536,4.8972
2022-06-03 17:02:00,412.536,412.837,412.517,412.816,4.0524
2022-06-03 17:03:00,412.816,412.977,412.706,412.977,4.8444
2022-06-03 17:04:00,412.977,413.186,412.956,413.077,5.3988
2022-06-03 17:05:00,413.086,413.146,412.706,412.867,5.6232
2022-06-03 17:06:00,412.877,413.127,412.876,413.126,4.4352
2022-06-03 17:07:00,413.126,413.247,412.877,412.906,5.1612
2022-06-03 17:08:00,412.906,412.947,412.506,412.637,5.1084
2022-06-03 17:09:00,412.626,412.726,412.476,412.626,4.0128
2022-06-03 17:10:00,412.636,412.766,412.467,412.677,4.3824
2022-06-03 17:11:00,412.696,412.727,412.486,412.677,4.1976
2022-06-03 17:12:00,412.656,412.687,412.516,412.526,3.3132
2022-06-03 17:13:00,412.507,412.567,412.366,412.407,4.5936
2022-06-03 17:14:00,412.417,412.477,412.126,412.197,3.8412
2022-06-03 17:15:00,412.206,412.227,411.886,411.956,4.9104
2022-06-03 17:16:00,411.967,412.136,411.866,411.867,4.4616
2022-06-03 17:17:00,411.847,411.966,411.626,411.636,4.8048
2022-06-03 17:18:00,411.627,411.627,411.096,411.096,6.6264
2022-06-03 17:19:00,411.106,411.217,410.887,411.017,5.8872
2022-06-03 17:20:00,410.997,411.167,410.976,411.076,5.1888
2022-06-03 17:21:00,411.066,411.326,410.976,411.277,4.9368
2022-06-03 17:22:00,411.256,411.407,411.167,411.387,5.3328
2022-06-03 17:23:00,411.387,411.387,411.217,411.266,4.5408
2022-06-03 17:24:00,411.267,411.556,411.096,411.546,5.5572
2022-06-03 17:25:00,411.547,411.676,411.496,411.667,4.8444
2022-06-03 17:26:00,411.676,411.676,411.486,411.527,5.2008
2022-06-03 17:27:00,411.526,411.687,411.426,411.436,5.0028
2022-06-03 17:28:00,411.437,411.456,411.166,411.406,5.1216
2022-06-03 17:29:00,411.417,411.677,411.417,411.497,5.4252
2022-06-03 17:30:00,411.516,411.516,411.016,411.147,6.3096
2022-06-03 17:31:00,411.136,411.237,410.906,410.956,5.6892
2022-06-03 17:32:00,410.957,411.237,410.856,411.137,5.9136
2022-06-03 17:33:00,411.126,411.217,411.066,411.117,6.1512
2022-06-03 17:34:00,411.126,411.366,411.076,411.317,5.2272
2022-06-03 17:35:00,411.336,411.457,411.166,411.176,5.94
2022-06-03 17:36:00,411.156,411.436,411.116,411.337,5.346
2022-06-03 17:37:00,411.316,411.696,411.316,411.457,6.5736
2022-06-03 17:38:00,411.456,411.516,411.297,411.377,5.9928
2022-06-03 17:39:00,411.387,411.397,411.246,411.336,5.5044
2022-06-03 17:40:00,411.327,411.377,411.036,411.086,5.7816
2022-06-03 17:41:00,411.096,411.137,410.686,410.687,5.3064
2022-06-03 17:42:00,410.687,410.847,410.536,410.577,6.9432
2022-06-03 17:43:00,410.586,410.646,410.357,410.436,6.2172
2022-06-03 17:44:00,410.437,410.657,410.417,410.636,5.4516
2022-06-03 17:45:00,410.626,410.687,410.396,410.587,5.1612
2022-06-03 17:46:00,410.596,410.796,410.497,410.767,5.5968
2022-06-03 17:47:00,410.777,410.936,410.757,410.836,5.082
2022-06-03 17:48:00,410.836,410.967,410.806,410.826,5.1612
2022-06-03 17:49:00,410.817,411.027,410.676,411.016,5.346
2022-06-03 17:50:00,411.026,411.037,410.807,410.866,5.1084
2022-06-03 17:51:00,410.857,411.076,410.786,410.957,5.3196
2022-06-03 17:52:00,410.967,411.037,410.896,411.036,4.3692
2022-06-03 17:53:00,411.036,411.197,410.876,410.966,5.1876
2022-06-03 17:54:00,410.976,411.107,410.816,410.816,4.8972
2022-06-03 17:55:00,410.806,410.907,410.716,410.857,4.9764
2022-06-03 17:56:00,410.837,410.967,410.697,410.706,5.1216
2022-06-03 17:57:00,410.697,410.986,410.657,410.926,5.1876
2022-06-03 17:58:00,410.927,410.977,410.786,410.817,5.3064
2022-06-03 17:59:00,410.806,410.837,410.636,410.746,5.6892
2022-06-03 18:00:00,410.756,410.777,410.466,410.596,6.1776
2022-06-03 18:01:00,410.586,410.657,410.316,410.366,5.2801
2022-06-03 18:02:00,410.346,410.586,410.286,410.586,5.7684
2022-06-03 18:03:00,410.577,410.956,410.556,410.937,5.6496
2022-06-03 18:04:00,410.957,411.057,410.827,410.907,5.7552
2022-06-03 18:05:00,410.906,410.917,410.636,410.686,5.6232
2022-06-03 18:06:00,410.686,411.136,410.656,411.126,5.8344
2022-06-03 18:07:00,411.136,411.147,410.896,410.966,5.7024
2022-06-03 18:08:00,410.957,411.117,410.847,411.097,4.896
2022-06-03 18:09:00,411.086,411.197,410.856,410.997,5.4252
2022-06-03 18:10:00,411.006,411.307,410.936,411.236,5.3592
2022-06-03 18:11:00,411.226,411.356,410.946,410.966,4.9632
2022-06-03 18:12:00,410.956,411.167,410.876,411.157,5.4648
2022-06-03 18:13:00,411.126,411.167,411.046,411.127,4.6728
2022-06-03 18:14:00,411.126,411.297,411.126,411.277,4.4749
2022-06-03 18:15:00,411.267,411.307,411.007,411.037,5.4516
2022-06-03 18:16:00,411.047,411.107,410.956,411.066,4.6596
2022-06-03 18:17:00,411.066,411.177,411.026,411.126,5.1876
2022-06-03 18:18:00,411.117,411.527,411.106,411.496,5.2404
2022-06-03 18:19:00,411.507,411.597,411.346,411.586,5.5836
2022-06-03 18:20:00,411.597,411.606,411.156,411.216,5.5968
2022-06-03 18:21:00,411.216,411.347,411.176,411.277,4.3957
2022-06-03 18:22:00,411.286,411.377,411.226,411.377,5.0028
2022-06-03 18:23:00,411.347,411.486,411.197,411.257,4.818
2022-06-03 18:24:00,411.246,411.327,411.076,411.297,4.8972
2022-06-03 18:25:00,411.297,411.476,411.226,411.397,5.4384
2022-06-03 18:26:00,411.396,411.557,411.306,411.526,4.8312
2022-06-03 18:27:00,411.516,411.577,411.396,411.496,4.4088
2022-06-03 18:28:00,411.497,411.857,411.456,411.826,5.3328
2022-06-03 18:29:00,411.837,412.046,411.737,412.046,5.6628
2022-06-03 18:30:00,412.047,412.107,411.707,411.717,5.6628
2022-06-03 18:31:00,411.707,411.917,411.666,411.856,4.1844
2022-06-03 18:32:00,411.846,411.877,411.556,411.576,3.7092
2022-06-03 18:33:00,411.547,411.607,411.346,411.607,4.818
2022-06-03 18:34:00,411.606,411.617,411.416,411.506,4.3824
2022-06-03 18:35:00,411.516,411.616,411.266,411.266,4.6596
2022-06-03 18:36:00,411.276,411.397,411.216,411.336,5.2668
2022-06-03 18:37:00,411.347,411.347,410.906,411.007,5.2668
2022-06-03 18:38:00,410.997,411.067,410.676,410.756,5.1216
2022-06-03 18:39:00,410.747,410.897,410.636,410.867,5.346
2022-06-03 18:40:00,410.866,410.877,410.636,410.766,4.62
2022-06-03 18:41:00,410.777,410.856,410.726,410.777,3.894
2022-06-03 18:42:00,410.766,410.916,410.746,410.837,4.6728
2022-06-03 18:43:00,410.846,410.877,410.786,410.836,3.63
2022-06-03 18:44:00,410.837,411.207,410.826,411.197,4.9896
2022-06-03 18:45:00,411.206,411.306,410.926,410.996,5.2404
2022-06-03 18:46:00,410.987,411.097,410.956,411.036,4.1316
2022-06-03 18:47:00,411.036,411.156,410.956,411.116,3.4716
2022-06-03 18:48:00,411.127,411.376,411.096,411.376,4.8444
2022-06-03 18:49:00,411.366,411.467,411.246,411.436,4.4352
2022-06-03 18:50:00,411.457,411.457,411.166,411.356,5.3196
2022-06-03 18:51:00,411.357,411.446,411.227,411.307,4.8312
2022-06-03 18:52:00,411.296,411.497,411.206,411.436,4.4748
2022-06-03 18:53:00,411.427,411.587,411.297,411.327,4.7124
2022-06-03 18:54:00,411.336,411.477,411.206,411.396,5.28
2022-06-03 18:55:00,411.386,411.496,411.256,411.466,5.0424
2022-06-03 18:56:00,411.496,411.717,411.477,411.676,5.1084
2022-06-03 18:57:00,411.656,411.706,411.306,411.316,4.4748
2022-06-03 18:58:00,411.317,411.647,411.317,411.556,5.5308
2022-06-03 18:59:00,411.567,411.617,411.456,411.546,5.4912
2022-06-03 19:00:00,411.566,411.757,411.536,411.637,4.9764
2022-06-03 19:01:00,411.646,411.767,411.136,411.197,6.9432
2022-06-03 19:02:00,411.196,411.237,411.036,411.166,5.4252
2022-06-03 19:03:00,411.176,411.576,411.147,411.556,5.6364
2022-06-03 19:04:00,411.557,411.727,411.506,411.537,5.3988
2022-06-03 19:05:00,411.546,411.546,411.336,411.366,5.0028
2022-06-03 19:06:00,411.357,411.467,411.266,411.297,4.686
2022-06-03 19:07:00,411.297,411.297,410.626,410.636,6.1116
2022-06-03 19:08:00,410.636,410.857,410.467,410.767,6.4812
2022-06-03 19:09:00,410.756,411.017,410.627,410.686,5.8212
2022-06-03 19:10:00,410.696,410.967,410.656,410.847,6.1248
2022-06-03 19:11:00,410.837,410.877,410.276,410.276,6.2568
2022-06-03 19:12:00,410.276,410.347,410.086,410.176,6.1116
2022-06-03 19:13:00,410.157,410.467,410.106,410.457,6.2304
2022-06-03 19:14:00,410.456,410.487,410.146,410.146,5.0424
2022-06-03 19:15:00,410.156,410.166,409.946,410.136,5.6496
2022-06-03 19:16:00,410.137,410.257,409.936,409.987,5.0292
2022-06-03 19:17:00,409.967,410.047,409.906,409.997,4.818
2022-06-03 19:18:00,410.006,410.237,409.867,410.226,5.1216
2022-06-03 19:19:00,410.216,410.297,410.016,410.186,4.9368
2022-06-03 19:20:00,410.217,410.446,410.176,410.416,5.6232
2022-06-03 19:21:00,410.416,410.427,410.157,410.267,4.884
2022-06-03 19:22:00,410.267,410.337,410.036,410.037,4.5396
2022-06-03 19:23:00,410.046,410.177,409.896,409.986,4.6728
2022-06-03 19:24:00,409.986,410.217,409.956,410.107,4.9236
2022-06-03 19:25:00,410.117,410.527,410.026,410.406,5.1612
2022-06-03 19:26:00,410.376,410.537,410.226,410.526,5.742
2022-06-03 19:27:00,410.516,410.777,410.366,410.406,5.3328
2022-06-03 19:28:00,410.397,410.577,410.256,410.527,6.1644
2022-06-03 19:29:00,410.527,410.957,410.516,410.947,5.6496
2022-06-03 19:30:00,410.937,410.946,410.467,410.617,7.2072
2022-06-03 19:31:00,410.627,410.777,410.476,410.616,6.6132
2022-06-03 19:32:00,410.606,410.697,410.427,410.507,5.7948
2022-06-03 19:33:00,410.497,410.876,410.487,410.837,6.7716
2022-06-03 19:34:00,410.816,410.836,410.557,410.597,5.5704
2022-06-03 19:35:00,410.586,410.686,410.336,410.667,6.336
2022-06-03 19:36:00,410.676,410.727,410.447,410.497,6.5208
2022-06-03 19:37:00,410.476,411.216,410.367,411.057,6.8772
2022-06-03 19:38:00,411.047,411.197,410.907,411.056,6.204
2022-06-03 19:39:00,411.057,411.137,410.696,410.776,5.6628
2022-06-03 19:40:00,410.787,411.016,410.737,410.957,6.0192
2022-06-03 19:41:00,410.957,410.986,410.787,410.796,4.8312
2022-06-03 19:42:00,410.786,410.957,410.697,410.816,5.1876
2022-06-03 19:43:00,410.797,410.807,410.396,410.397,5.874
2022-06-03 19:44:00,410.396,410.427,410.126,410.227,5.9004
2022-06-03 19:45:00,410.217,410.306,409.966,410.037,4.4748
2022-06-03 19:46:00,410.016,410.127,409.796,410.127,5.9004
2022-06-03 19:47:00,410.137,410.567,410.066,410.487,5.9136
2022-06-03 19:48:00,410.497,410.757,410.376,410.556,6.0576
2022-06-03 19:49:00,410.547,410.547,410.216,410.357,5.9796
2022-06-03 19:50:00,410.336,410.517,409.706,410.507,7.0224
2022-06-03 19:51:00,410.516,410.746,410.216,410.317,7.1412
2022-06-03 19:52:00,410.327,410.717,410.216,410.697,6.2832
2022-06-03 19:53:00,410.706,411.067,410.676,410.727,5.9664
2022-06-03 19:54:00,410.727,410.887,410.277,410.887,6.5208
2022-06-03 19:55:00,410.887,411.196,410.716,410.736,7.2865
2022-06-03 19:56:00,410.736,410.776,410.476,410.746,6.3096
2022-06-03 19:57:00,410.747,410.927,410.616,410.626,6.1512
2022-06-03 19:58:00,410.616,410.717,410.507,410.517,6.2568
2022-06-03 19:59:00,410.497,410.637,410.376,410.456,6.5868
